id,hsn_code,product_name,updated_gst
0,96099090,"Kores Dustless Chalk, White - Box of 144 pcs",0.0
1,96099090,"Kores Dustless Chalk, White - Box of 100 pcs",0.0
2,96099090,"Kores Dustless Chalk, Assorted Colours - Box of 144 pcs",0.0
3,96099090,"Kores Dustless Chalk, Assorted Colours - Box of 100 pcs",0.0
4,96099090,"Kores Dustless Chalk, White - Box of 50 pcs",0.0
5,96099090,"Kores Dustless Chalk, White - Box of 10 pcs",0.0
6,96099090,"Kores Dustless Chalk, Assorted Colours - Box of 50 pcs",0.0
7,96099090,"Kores Dustless Chalk, Assorted Colours - Box of 10 pcs",0.0
8,96099090,Kores Zero Dust Calcium Carbonate Chalk - 10 pcs White,0.0
9,96099090,Kores Zero Dust Calcium Carbonate Chalk - 10 pcs- coloured,0.0
10,96039000,Kores Magnetic Duster,0.18
11,96039000,Kores Non Magnetic Duster,0.18
12,35061000,Kores White Glue - 10 gms,0.18
13,35061000,Kores White Glue - 20 gms,0.18
14,35061000,"Kores White Glue - 20 gms, Jar of 30 pcs",0.18
15,35061000,Kores White Glue - 50 gms,0.18
16,35061000,Kores White Glue - 100 gms,0.18
17,35061000,Kores White Glue - 200 gms,0.18
18,39191000,Kores Double-Sided Clear Adhesive Tape,0.18
19,35069999,Kores Stick Ezy - 18 ml (Jar of 50 pcs - assorted flavours),0.18
20,35069999,Kores Stick Ezy - 20 ml (Hanger of 10 pcs),0.18
21,35069999,"Kores Stick Ezy - 20ml, Lime (Hanger of 10 pcs)",0.18
22,35069999,K.T.Stick Ezy-18ml(Jar of 30 tubes),0.18
23,35069999,K.T.Stick Ezy-20ml(Jar of 30 tubes - Assorted flavours ),0.18
24,35069999,K.T.Stick Ezy-20ml(Jar of 30 tubes - Lime Flavour ),0.18
25,35069999,Kores Stick Ezy - 50 ml (Hanger of 10 pcs - assorted flavours),0.18
26,35069999,"Kores Stick Ezy,50 ml Lime hanger(10pcs)",0.18
27,35069999,"Kores Stick Ezy, 200 ml",0.18
28,35061000,Kores Clear Glue Stick - 8 gms,0.18
29,35061000,Kores Clear Glue Stick - 15 gms,0.18
30,35061000,Kores Clear Glue Stick - 25 gms,0.18
31,35061000,Kores Glue Stick - 5 gms,0.18
32,35061000,Kores Glue Stick - 6 gms,0.18
33,35061000,Kores Glue Stick - 8 gms,0.18
34,35061000,Kores Glue Stick - 15 gms,0.18
35,35061000,Kores Glue Stick - 25 gms,0.18
36,34070010,"Kores Modelling Clay, 25 gms, 6 shades, 1 mould",0.18
37,34070010,"Kores Modelling Clay, 50 gms - 6 pastel shades, 1 mould",0.18
38,34070010,"Kores Modelling Clay, 50 gms - 6 shades",0.18
39,34070010,"Kores Modelling Clay, 50 gms, 6 shades, 1 mould",0.18
40,34070010,"Kores Modelling Clay, 50 gms, 6 shades, 2 moulds",0.18
41,34070010,"Kores Modelling Clay, 50 gms, 6 shades, 3 moulds",0.18
42,34070010,"Kores Modelling Clay, 50 gms in plastic pouch",0.18
43,34070010,"Kores Floating Clay, 80 gms, 6 shades",0.18
44,34070010,"Kores Kool Clay - 80 gms blister pack, 6 regular + 2 neon colours, 2
Moulds and 1 Carving Tool",0.18
45,34070010,"Kores Modelling Clay, 80 gms, 6 regular + 2 neon shades, 3 mini
moulds",0.18
46,34070010,"Kores Modelling Clay, 100 gms, 12 shades, 4 moulds, 1 roller. 1
cutter",0.18
47,34070010,"Kores Modelling Clay, 100 gms, 8 regular + 2 neon shades, 4 moulds",0.18
48,34070010,"Kores Modelling Clay, 100 gms, 8 neon shades, 2 moulds",0.18
49,34070010,"Kores Modelling Clay, 150 gms,  12 shades, 4 moulds, 1 roller",0.18
50,34070010,"Kores Modelling Clay, 200 gms, 8 shades, 4 moulds, 1 roller, 1 cutter",0.18
51,34070010,"Kores Modelling Clay, 200 gms, 3 moulds, 1 roller",0.18
52,34070010,"Kores Modelling Clay, 200 gms, 12 shades, 4 moulds, 1 roller, 1
cutter",0.18
53,34070010,"Kores Modelling, Clay, 200 gms, 12 shades, 8 moulds , 1 craft tool in
Cat Face shaped box",0.18
54,34070010,"Kores Modelling Clay, 220 gms, 12 shades, 4 moulds, 1 roller, 1
cutter",0.18
55,34070010,"Kores Modelling  Clay, 200 gms in a bucket, 3 moulds",0.18
56,34070010,"Kores Modelling Clay, 180 gms,8 shades, 3 moulds",0.18
57,34070010,"Kores Modelling Clay, 250 gms, 10 shades, 3 moulds, 10  wax crayons",0.18
58,34070010,"Kores Modelling Clay, 300 gms, 12 shades, 8 moulds, 1 roller, 2
cutter",0.18
59,34070010,"Kores Modelling Clay, 60 gms, 24 pcs",0.18
60,34070010,"Kores Modelling Clay, 60 gms, 24 pcs, Black",0.18
61,34070010,"Kores Modelling Clay, 60 gms, 24 pcs, Yellow",0.18
62,34070010,"Kores Modelling Clay, 60 gms, 24 pcs, Red",0.18
63,34070010,"Kores Modelling Clay, 60 gms, 24 pcs, Green",0.18
64,34070010,"Kores Modelling Clay, 60 gms, 24 pcs, Blue",0.18
65,34070010,"Kores Modelling Clay, 60 gms, 24 pcs, Brown",0.18
66,34070010,"Kores Modelling Clay, 60 gms, 24 pcs, Orange",0.18
67,34070010,"Kores Modelling Clay, 60 gms, 24 pcs, Pink",0.18
68,34070010,"Kores Modelling Clay, 60 gms, 24 pcs, magenta",0.18
69,34070010,Kores Kool Clay 50 grams ( White),0.18
70,34070010,Kores Kool Clay 50  grams ( Black),0.18
71,34070010,Kores Kool Clay 50 grams ( Yellow),0.18
72,34070010,Kores Kool Clay 50 grams ( Red),0.18
73,34070010,Kores Kool Clay 50 grams ( Green ),0.18
74,34070010,Kores Kool Clay 50  grams ( Blue ),0.18
75,34070010,Kores Kool Clay 50 grams ( Brown ),0.18
76,34070010,Kores Kool Clay 50  grams (Orange),0.18
77,34070010,Kores Kool Clay 50 grams ( Pink ),0.18
78,34070010,Kores Kool Clay 50 grams (Magenta),0.18
79,34070010,Kores Modelling clay 50gms brick 24N in a monobox,0.18
80,34070010,"Kores Modelling Clay, 160 gms - Red",0.18
81,34070010,"Kores Modelling Clay, 160 gms - Brown",0.18
82,34070010,"Kores Modelling Clay, 160 gms - Magenta",0.18
83,34070010,"Kores Modelling Clay, 160 gms - Green",0.18
84,34070010,"Kores Modelling Clay, 160 gms - Yellow",0.18
85,34070010,"Kores Modelling Clay, 160 gms - White",0.18
86,34070010,"Kores Modelling Clay, 160 gms - Dark Blue",0.18
87,34070010,"Kores Modelling Clay, 160 gms - Orange",0.18
88,34070010,"Kores Modelling Clay, 160 gms - Pink",0.18
89,34070010,"Kores Modelling Clay, 160 gms - Black",0.18
90,34070010,"Kores Modelling Clay, 160 gms - Blue",0.18
91,34070010,"Kores Modelling Clay, 160 gms - Violet",0.18
92,34070010,"Kores Modelling Clay, 160 gms - Maroon",0.18
93,34070010,"Kores Modelling Clay, 160 gms - Neon Green",0.18
94,34070010,"Kores Modelling Clay, 160 gms - Neon Pink",0.18
95,34070010,"Kores Modelling Clay, 160 gms - Neon Orange",0.18
96,34070010,"Kores Modelling Clay, 160 gms - Neon Yellow",0.18
97,34070010,"Kores Modelling Clay, 160 gms - Grey",0.18
98,34070010,"Kores Modelling Clay, 160 gms - Pastel Skin Colour",0.18
99,34070010,"Kores Modelling Clay, 330 gms, 24 shades",0.18
100,34070010,"Kores Modelling Clay, 160 gms - 12 shades in corrugated box",0.18
101,34070010,"Kores Modelling Clay, 160 gms, 8 shades, 4 moulds, 1 roller, 1 cutter",0.18
102,34070010,Kores Clay Activity Kit,0.18
103,340700,Kores Clay Moulds,0.18
104,34070010,Kool Clay 125 grams ( Red ),0.18
105,34070010,Kool Clay 125 grams ( Brown ),0.18
106,34070010,Kool Clay 125 grams (Emeraild Green),0.18
107,34070010,Kool Clay 125 grams ( Magenta ),0.18
108,34070010,Kool Clay 125 grams ( Green ),0.18
109,34070010,Kool Clay 125 grams ( Yellow ),0.18
110,34070010,Kool Clay 125 grams ( White ),0.18
111,34070010,Kool Clay 125 grams (Dark Blue ),0.18
112,34070010,Kool Clay 125 grams (Orange ),0.18
113,34070010,Kool Clay 125 grams ( Pink ),0.18
114,34070010,Kool Clay 125 grams ( Black ),0.18
115,34070010,Kool Clay 125 grams (Light Blue),0.18
116,34070010,Kool Clay 125 grams (Violet),0.18
117,34070010,Kool Clay 125 grams (Maroon),0.18
118,34070010,Kool Clay 125 grams (Neon Green),0.18
119,34070010,Kool Clay 125 grams (Neon Pink),0.18
120,34070010,Kool Clay 125 grams (Neon Orange),0.18
121,34070010,Kool Clay 125 grams (Neon Yellow),0.18
122,34070010,Kool Clay 125 grams ( Grey ),0.18
123,34070010,Kool Clay 125 grams (Pastel Skin),0.18
124,340700,Kool Clay 125 gms  (Dark Green),0.18
125,34070010,"Kores Play Dough, 300 gms, 6 shades, 5 moulds",0.18
126,34070010,Kores Play Dough 400 gms 8 shades,0.18
127,34070010,Kores Play Dough 180 gms 9 shades(Bucket,0.18
128,34070010,"Kores Play Dough 200 gms, 4 shades, 4 moulds",0.18
129,34070010,"Kores Play Dough 240gms, 12 shades bucket",0.18
130,34070010,"Kores Play Dough 360gms, 24 shades bucket",0.18
131,34070010,"Kores Play Dough 480 gms, 4 shades tub",0.18
132,34070010,"Kores Play Dough 400gms, 16 shades bucket",0.18
133,95030090,Kores Mango cube slime kit,0.05
134,95030090,Kores Halloween slime kit,0.05
135,95030090,Kores Strawberry slime kit,0.05
136,95030090,Kores Unicorn slime kit,0.05
137,48201090,Kores Drawing cum Activity Book- 36 pages,0.0
138,96099090,Kores Kool Toolz 10 Shades Crayons N,0.0
139,96099090,Kores Shades Crayons - 12 pcs,0.0
140,96099090,Kores Shades Wax Crayons,0.0
141,96099090,Kores Shades Wax Crayons - 12 shades,0.0
142,96099090,Kores Long Shades Wax Crayons - 12 shades,0.0
143,96099090,Kores Jumbo Wax Crayons - 12 shades,0.0
144,96099090,Kores Junior Shades Wax Crayons - 16 shades,0.0
145,96099090,12+1 Long Shades Wax Crayons,0.0
146,96099090,24+2 Long Shades Wax Crayons,0.0
147,96099090,12+1 Jumbo Shades Wax Crayons,0.0
148,96099090,24+2 Jumbo Shades Wax Crayons,0.0
149,96099090,Glitter Wax Crayons,0.0
150,96099090,Kores Bi Colour Wax Crayons - 24 shades,0.0
151,96099090,Kores Triangular Crayons,0.0
152,96099090,Kores Neon Crayons,0.0
153,96099090,Kores LC Wax Crayons Loose - Lemon Yellow,0.0
154,96099090,Kores LC Wax Crayons Loose - Dark Red,0.0
155,96099090,Kores LC Wax Crayons Loose - Blue,0.0
156,96099090,Kores LC Wax Crayons Loose - Black,0.0
157,96099090,Kores LC Wax Crayons Loose - White,0.0
158,96099090,Kores LC Wax Crayons Loose - Orange,0.0
159,96099090,Kores LC Wax Crayons Loose - Green,0.0
160,96091000,Kores Plastic crayons 14 shades in tin,0.0
161,96091000,Kores Plastic crayons 28 shades in box,0.0
162,96099090,Kores Oil Pastels - 12 shades,0.0
163,96099090,Kores Oil Pastels - 15 shades,0.0
164,96099090,Kores Oil Pastels - 25 shades,0.0
165,96099090,Kores Oil Pastels - 50 shades,0.0
166,32139000,Kores Poster Colours - 6 shades,0.18
167,32139000,Kores Poster Colours - 12 shades,0.18
168,32139000,"Kores Tempera Dhamaal, 3ml - 6 shades",0.18
169,32139000,"Kores Tempera Dhamaal, 3ml - 12 shades",0.18
170,32139000,"Kores Tempera Dhamaal, 3ml - 18 shades",0.18
171,32139000,"Kores Tempera Dhamaal, 3ml - 12 shades (Gold & Silver)",0.18
172,32131000,Kores Water Colour Cakes 12 Shades 23mm,0.18
173,96082000,Kores Mini Sketch Pens - 12 shades,0.18
174,96082000,Kores Sketch Pens - 12 shades,0.18
175,96082000,Kool Toolz Black Colour Sketch Pens 10 p,0.18
176,96082000,Dual tip Brush Pens - 12 shades,0.18
177,34070010,Kores My buddy kit,0.18
178,90178090,My Buddy Rs 15 kit,0.18
179,35061000,Kores 9 2 5 Kit,0.18
180,96082000,Kores My Buddy Kit (Rs.20/- MRP),0.18
181,96082000,Kores My Buddy Kit (Rs.49/- MRP),0.18
182,96082000,Kores My Buddy Kit (Rs.99/- MRP),0.18
183,38249900,Deskmate Kit Rs.99,0.18
184,34070010,My buddy Rs.149 kit,0.18
185,34070010,My buddy Rs.199 kit,0.18
186,82130000,My Buddy Art Kit Rs.100.,0.18
187,82130000,My Buddy Artivity Kit Rs. 499,0.18
188,96099020,"Kores HB Pencils, 10 in a box",0.0
189,96099020,"Kores Classic HB Pencils, 10 in a box",0.0
190,96099020,"Kores Victor 2B Pencils, 10 in a box",0.0
191,96099020,"Kores Classic Plus Premium 3B Pencils, 50 pencils in a dispenser pack",0.0
192,96099020,Kores Classic Plus Premium 3 B Pencils + refill packs in poly bags,0.0
193,96099020,Kores VICTOR Pencils -N,0.0
194,96099020,Kores CLASSIC + Pencils-N,0.0
195,96099020,Kores TRILO DAZZLE Pencils -N,0.0
196,96099020,Kores Wooden Pencil (Dispenser Pack),0.0
197,96099020,Kores CLASSIC 11 – Cricket Themed Pencils,0.0
198,96084000,Korse Lite Mechanical Pen - 0.5 mm,0.0
199,96084000,Kores Glider Mechanical Pencil - 0.7mm,0.0
200,96099020,"Kores Delite Pencils, Box of 10 pencils",0.0
201,96099020,"Kores Delite Plus Pencils, Box of 10 pencils",0.0
202,96099020,"Kores Delite Plus Pencils, Packet of 10 pencils",0.0
203,96099020,"Kores Funcils Pencils, Box of 10 pencils",0.0
204,96099010,"Kores Funcils Pencils with Rubber Tip, 100 pencils in a jar",0.0
205,96099020,"Kores Funcils Pencils with Rubber Tip, 100 pencils in a jar",0.0
206,96099020,"Kores Funcils Pencils with Rubber Tip, 100 pencils in a jar with 5
Sharpeners",0.0
207,96099020,"Kores Funcils Pencils with Rubber Tip, Box of 10 pencils",0.0
208,96099020,"Kores Funcils Colour Pencils, 12 shades, Half Size",0.0
209,96099020,"Kores Funcils Colour Pencils, 10 shades, Half Size",0.0
210,96099020,"Kores Colour Pencils, 12 shades, Half Size",0.0
211,96099020,"Kores Colour Pencils, 10 shades, Half Size",0.0
212,96099020,Kores 12HS Wooden Colour Pencils,0.0
213,96099020,Kores 12FS Wooden Colour Pencils,0.0
214,73102910,Kores Max Geometry Box,0.18
215,73102910,Kores Mat Geo Geometry Box,0.18
216,73102910,Kores Leader Geometry Box ( FOR NORTH ZONE ONLY),0.18
217,73102910,Kores Accura Geometry Box,0.18
218,73102910,Kores Geometrix Geometry Box,0.18
219,73102910,Kores Geometrix DieCast Compass,0.18
220,90172010,Kores Compass,0.18
221,90178090,Kores Mat Geo Mathematical Instruments,0.18
222,40169200,"Kores Non Dust Eraser, White - Box of 20 pcs",0.0
223,40169200,"Kores Non Dust Eraser, Coloured - Box of 20 pcs",0.0
224,40169200,Kores Non Dust Jumbo Eraser - Box of 20 pcs,0.0
225,40169200,Kores Regular Eraser - Jar of 50 pcs,0.0
226,40169200,Kores Trilo Pastel Eraser Jar of 50 pcs,0.0
227,40169200,Kores PebbleFix Eraser,0.0
228,40169200,Kores Gear-Max Eraser,0.0
229,40169200,Kores Zoomie Eraser,0.0
230,82141010,"Kores Funcils Sharpeners, Box of 100 pcs",0.0
231,82141010,"Kores Long Tip Sharpeners, box of 20 pcs",0.0
232,82141010,"Kores Sharpener, Box of 20 pcs",0.0
233,82141010,"Kores Sharpener, Jar of 50 pcs",0.0
234,82141010,Kores TwinTidy (Eraser + Sharpener) Blister Pack,0.0
235,82141010,Kores Fryo (Eraser + Sharpener),0.0
236,90178090,Kores Plastic Scales - 15 cms,0.18
237,90178090,Kores Plastic Scales - 30 cms,0.18
238,59011020,Kores Art Splash Canvas 25x30cm,0.05
239,96100000,Kores Doodlemate Whiteboard 22x30cm,0.18
240,96100000,Kores Doodlemate Blackboard22x30cm,0.18
241,39261019,Kores Transparent Exam Pads,0.18
242,44111200,Kores MDF Exam Pads,0.18
243,39261019,Kores Exam Board,0.18
244,39261019,Kores Decoration Tape - 3m,0.18
245,39261019,Kores Highlighter Tape - 5m,0.18
246,38249900,Kores Correction Tape - 6m,0.18
247,38249900,Kores Correction Tape - 12m,0.18
248,38249900,Kores Smart Correct Correction Pen - 3 ml,0.18
249,38249900,Kores Smart Correct Correction Pen - 7 ml,0.18
250,38249900,Kores Smart Correct Correction Pen (Black),0.18
251,38249900,Kores Erazex Correction Pen Set,0.18
252,382499,"Kores Diamond Coating Paint, 100 ml",0.18
253,382499,"Kores Diamond Coating Paint, 15 ml",0.18
254,382499,Kores Erazex Aqua Premium Correction Fluid - 15 ml,0.18
255,83052000,"Kores Staple Pin No.10, 20 packets of 1000 pins in a box",0.18
256,83052000,"Kores Staple Pin No.24/6, 20 packets of 1000 pins in a box",0.18
257,35052000,Kores Office Adhesive Paste - 150 ml,0.05
258,35052000,Kores Office Adhesive Paste - 300 ml,0.05
259,35052000,Kores Office Adhesive Paste - 700 ml,0.05
260,34049039,Kores Finger Grip - 10 gms,0.18
261,48162090,"Kores Sapphire Pen/Pencil Carbon Paper, Blue, 210 x 330mm, 100
sheets folder",0.18
262,48162090,"Kores Sapphire Pen/Pencil Carbon Paper, Blue, 420 x 330mm, 100
sheets folder",0.18
263,48162090,"Kores Sapphire Pen/Pencil Carbon Paper, Blue, 420 x 660mm, 100
sheets folder",0.18
264,48162090,"Kores Sapphire Pen/Pencil Carbon Paper, Blue, 420 x 660mm, 500
sheets ream",0.18
265,48162090,"Kores Sapphire Pen/Pencil Carbon Paper, Blue, 420 x 559mm, 500
sheets ream",0.18
266,48162090,"Kores Multicopy Pen/Pencil Carbon Paper, Blue, 210 x 330mm, 100
sheets folder",0.18
267,48162090,"Kores Multicopy Pen/Pencil Carbon Paper, Blue, 420 x 330mm, 100
sheets folder",0.18
268,48162090,"Kores Multicopy Pen/Pencil Carbon Paper, Blue, 420 x 660mm, 100
sheets folder",0.18
269,48162090,"Kores Multicopy Pen/Pencil Carbon Paper, Blue, 420 x 660mm, 500
sheets ream",0.18
270,48162090,"Kores 352/II Pen/Pencil Carbon Paper, Blue, 210 x 330mm, 100
sheets folder",0.18
271,48162090,"Kores 352/II Pen/Pencil Carbon Paper, Blue, 210 x 330mm, 500
sheets ream",0.18
272,48162090,"Kores 352/II Pen/Pencil Carbon Paper, Blue, 420 x 330mm, 100
sheets folder",0.18
273,48162090,"Kores 352/II Pen/Pencil Carbon Paper, Blue, 420 x 330mm, 500
sheets ream",0.18
274,48162090,"Kores 5010 Pen/Pencil Carbon Paper, White, 210 x 330mm, 100
sheets folder",0.18
275,48162090,"Kores 5010 Pen/Pencil Carbon Paper, Yellow, 210 x 330mm, 100
sheets folder",0.18
276,48162090,"Kores 5010 Pen/Pencil Carbon Paper, Red, 210 x 330mm, 100 sheets
folder",0.18
277,48162090,"Kores 5010 Pen/Pencil Carbon Paper, Green, 210 x 330mm, 100
sheets folder",0.18
278,48162090,"Kores 55 Pen/Pencil Carbon Paer, Blue, 210 x 330mm, 100 sheets
folder",0.18
279,48162090,"Kores Clear Copy Pen/Pencil Carbon Paper, Blue, 210 x 330mm, 100
sheets folder",0.18
280,48162090,"Kores Peacock Pen/Pencil Carbon Paper, 210x330mm, 100 sheets in
a folder",0.18
281,48162090,"Kores 503 Typewriter Carbon Paper, Black, 210 x 330mm, 100 sheets
folder",0.18
282,48162090,TW CP 503 MED 420X330MM 100 SHT FLD,0.18
283,48162090,"Kores 77 Typewriter Carbon Paper, Black, 210 x 330mm, 100 sheets
folder",0.18
284,96121020,"Kores Cotton Typewriter Ribbon, Black, 13mm x 10mtrs for Remg Std
12/6 in blister packing",0.18
285,96121020,CTN RBN 13X10MTR GODREJ  M12  PURPL BLST,0.18
286,96121020,CTN RBN 13X10MTR GODREJ  M12  B/RED BLST,0.18
287,96121020,CTN RBN 13X10MTR GODREJ  M12  BLK BLST,0.18
288,96121020,"Kores Cotton Typewriter Ribbon, Black, 13mm x 10mtrs for
Remington 17 in blister packing",0.18
289,96121020,"Kores Cotton Ribbon Roll, Black, 13mm x 60mtrs in cardboard
packing",0.18
290,96121020,"Kores Cotton Ribbon Roll, Purple, 13mm x 60mtrs in cardboard
packing",0.18
291,96082000,"Kores Multimarker Pen, Black",0.18
292,96082000,"Kores Multimarker Pen, Blue",0.18
293,96082000,"Kores Multimarker Pen, Red",0.18
294,96082000,"Kores Multimarker Pen, Green",0.18
295,96082000,"Kores Smoothline Plus Permanent Marker, Black",0.18
296,96082000,"Kores Smoothline Plus Permanent Marker, Blue",0.18
297,96082000,"Kores Smoothline Plus Permanent Marker, Green",0.18
298,96082000,"Kores Smoothline Plus Permanent Marker, Red",0.18
299,96082000,Kores Smoothline Plus Permanent Marker (Set of 2),0.18
300,96082000,"Kores Smoothline Plus  White Board Marker Pen, Black",0.18
301,96082000,"Kores Smoothline Plus  White Board Marker Pen, Blue",0.18
302,96082000,"Kores Smoothline Plus  White Board Marker Pen, Green",0.18
303,96082000,"Kores Smoothline Plus  White Board Marker Pen, Red",0.18
304,96082000,Kores Smoothline Plus  White Board Marker Pen (Sĕt of 2),0.18
305,96082000,"Kores Smoothline Plus Highlighter Pen, Yellow",0.18
306,96082000,"Kores Smoothline Plus Highlighter Pen, Orange",0.18
307,96082000,"Kores Smoothline Plus Highlighter Pen, Blue",0.18
308,96082000,"Kores Smoothline Plus Highlighter Pen, Green",0.18
309,96082000,"Kores Smoothline Plus Highlighter Pen, Pink",0.18
310,96082000,Kores Smoothline Plus Highlighter Pen (Set Of 2),0.18
311,96082000,"Kores Smoothline Plus Highlighter Pen, assorted pack of 5 colours",0.18
312,96082000,Kores Smoothline+ Pastel Highlighter Box,0.18
313,96082000,"Kores Britemark Paint Marker Pen, Black",0.18
314,96082000,"Kores Britemark Paint Marker Pen, Blue",0.18
315,96082000,"Kores Britemark Paint Marker Pen, Red",0.18
316,96082000,"Kores Britemark Paint Marker Pen, Green",0.18
317,96082000,"Kores Britemark Paint Marker Pen, Yellow",0.18
318,96082000,"Kores Britemark Paint Marker Pen, White",0.18
319,96082000,"Kores Britemark Paint Marker Pen, Pink",0.18
320,96082000,"Kores Britemark Paint Marker Pen, Orange",0.18
321,96082000,"Kores Britemark Paint Marker Pen, Golden",0.18
322,96082000,"Kores Britemark Paint Marker Pen, Silver",0.18
323,96082000,"Kores Smoothline Paint Marker Pen, Black",0.18
324,96082000,"Kores Smoothline Paint Marker Pen, Blue",0.18
325,96082000,"Kores Smoothline Paint Marker Pen, Red",0.18
326,96082000,"Kores Smoothline Paint Marker Pen, Yellow",0.18
327,96082000,"Kores Smoothline Paint Marker Pen, White",0.18
328,96082000,"Kores Smoothline Paint Marker Pen, Green",0.18
329,96122000,"Kores Feather Touch Stamp Pad, Purple",0.18
330,96122000,"Kores Feather Touch Stamp Pad, Black",0.18
331,96122000,"Kores Feather Touch Stamp Pad, Red",0.18
332,96122000,"Kores Feather Touch Stamp Pad, Green",0.18
333,96122000,"Kores Eco Feather Touch Stamp Pad, Purple",0.18
334,96122000,"Kores Eco Feather Touch Stamp Pad, Red",0.18
335,96122000,"Kores Eco Feather Touch Stamp Pad, Black",0.18
336,96122000,"Kores Eco Feather Touch Stamp Pad, Green",0.18
337,96122000,"Kores Long Life Stamp Pad, Purple, 51 x 95mm, small size",0.18
338,96122000,"Kores Long Life Stamp Pad, Black, 51 x 95mm, small size",0.18
339,96122000,"Kores Long Life Stamp Pad, Red, 51 x 95mm, small size",0.18
340,96122000,"Kores Long Life Stamp Pad, Green, 51 x 95mm, small size",0.18
341,96122000,"Kores Long Life Stamp Pad, Uninked, 51 x 95mm, small size",0.18
342,96122000,"Kores Long Life Stamp Pad, Purple, 70 x 111mm, medium size",0.18
343,96122000,"Kores Long Life Stamp Pad, Black, 70 x 111mm, medium size",0.18
344,96122000,"Kores Long Life Stamp Pad, Red, 70 x 111mm, medium size",0.18
345,96122000,"Kores Long Life Stamp Pad, Green, 70 x 111mm, medium size",0.18
346,96122000,"Kores Long Life Stamp Pad, Uninked, 70 x 111mm, medium size",0.18
347,96122000,"Kores Long Life Stamp Pad, Purple, 90 x 159mm, large size",0.18
348,96122000,"Kores Long Life Stamp Pad, Black, 90 x 159mm, large size",0.18
349,96122000,"Kores Long Life Stamp Pad, Red, 90 x 159mm, large size",0.18
350,96122000,"Kores Long Life Stamp Pad, Green, 90 x 159mm, large size",0.18
351,96122000,"Kores Long Life Stamp Pad, Uninked, 90 x 159mm, large size",0.18
352,32159090,"Kores Stamp Pad Ink, 25 ml, Purple",0.18
353,32159090,"Kores Stamp Pad Ink, 25 ml, Green",0.18
354,32159090,"Kores Stamp Pad Ink, 25 ml, Red",0.18
355,32159090,"Kores Stamp Pad Ink, 25 ml, Black",0.18
356,32159090,"Kores Stamp Pad Ink, 50 ml, Purple",0.18
357,32159090,"Kores Stamp Pad Ink, 100 ml, Purple",0.18
358,32159090,"Kores Stamp Pad Ink, 500 ml, Purple",0.18
359,32159090,"Kores Smoothline Perm Marker Ink, 15 ml, Black",0.18
360,32159090,"Kores Smoothline Perm Marker Ink, 15 ml, Blue",0.18
361,32159090,"Kores Smoothline Perm Marker Ink, 15 ml, Green",0.18
362,32159090,"Kores Smoothline Perm Marker Ink, 15 ml, Red",0.18
363,32159090,"Kores Smoothline Perm Marker Ink, 500 ml, Black",0.18
364,32159090,"Kores Smoothline Perm Marker Ink, 500 ml, Blue",0.18
365,32159090,"Kores Smoothline Perm Marker Ink, 500 ml, Green",0.18
366,32159090,"Kores Smoothline Perm Marker Ink, 500 ml, Red",0.18
367,32159090,"Kores Smoothline White board Marker Ink, 15 ml, Black",0.18
368,32159090,"Kores Smoothline White board Marker Ink, 15 ml, Blue",0.18
369,32159090,"Kores Smoothline White board Marker Ink, 15 ml, Green",0.18
370,32159090,"Kores Smoothline White board Marker Ink, 15 ml, Red",0.18
371,32159090,"Kores Smoothline White board Marker Ink, 100 ml, Black",0.18
372,32159090,"Kores Smoothline White board Marker Ink, 100 ml, Blue",0.18
373,32159090,"Kores Smoothline White board Marker Ink, 500 ml, Black",0.18
374,32159090,"Kores Smoothline White board Marker Ink, 500 ml, Blue",0.18
375,32159090,"Kores Smoothline White board Marker Ink, 500 ml, Red",0.18
376,32159090,"Kores Metal Stamping Ink, 100 ml, Black",0.18
377,32159090,"Kores Metal Stamping Ink, 100 ml, Blue",0.18
378,32159090,"Kores Metal Stamping Ink, 5 litres, Black",0.18
379,32159090,"Kores Metal Stamping Ink, 5 litres, Blue",0.18
380,32159090,"Kores Metal Stamping Ink, 20 litres, Black",0.18
381,32159090,"Kores Metal Stamping Ink, 20 litres, Blue",0.18
382,32159090,"Kores Metal Stamping Ink, 20 litres, Red",0.18
383,32159090,"Kores Numbering Ink, 25 ml, Black",0.18
384,32159090,"Kores Numbering Ink, 25 ml, Red",0.18
385,32159090,"Kores Numbering Ink, 50 ml, Black",0.18
386,32159090,"Kores Numbering Ink, 50 ml, Red",0.18
387,32159090,"Kores Numbering Ink, 100 ml, Black",0.18
388,32159090,"Kores Numbering Ink, 100 ml, Red",0.18
