product_name,gst,hsn_code,company
02100158 S L SPIRAL 172PAGES 65/-,,,Shree Agencies
10101A4-NOTE BOOK MRP-35-00,12 %,48202000,Shree Agencies
10106 SHAPEA4 318 PAGES(140-00),12 %,482020,Shree Agencies
10107SHAPE A4398PG NOTE BOOK,12 %,482020,Shree Agencies
10108A4-140PAGESHAPE-MRP55,12 %,48202000,Shree Agencies
10205 SHAPE A4-318 PG U/R,12 %,482020,Shree Agencies
10206 SHAPE A4398PG U/R,12 %,48202000,Shree Agencies
120PG GEN. PRAC 949-70/-,12 %,48202000,Shree Agencies
126611 MINIMAX POCKETD.64PG,12 %,48201090,Shree Agencies
136PG PHYSICS REC 281-85,12 %,482020,Shree Agencies
140 PG A4 RULLED-02000199  65/-,12 %,48201090,Shree Agencies
140PG A4 UN-RULLED-02000200,12 %,482020000,Shree Agencies
14109N SHAPE NOTE BOOK HARD BROWN,12 %,48202000,Shree Agencies
144PG CHEMISTRY PRACTICAL 277-85/-,12 %,48202000,Shree Agencies
15101A-4 YELLOW DRAWING BOOK-36PAGE,12 %,48201090,Shree Agencies
160PAGE LONG RULLED 60/-(MRP),12 %,490300,Shree Agencies
160PAGE UNRULED 70/-,12 %,48202000,Shree Agencies
160pglon.Rul.H/b 236 110/-,12 %,48202000,Shree Agencies
16101 A4 PHYSICS PRACTICLE BOOK,12 %,482020000,Shree Agencies
16102A-4PHYSICS RECORD 140 PG 70 MRP,12 %,482020,Shree Agencies
16201A-4 CHEMESTRY PRCL 96PG-55-00MRP,12 %,482020,Shree Agencies
16202A-4 CHEMISTRYP-RECORD-140PAG-70MRP,12 %,482020,Shree Agencies
17103ENB GRAPH 32PG-SHAPE,12 %,482020,Shree Agencies
172 P K/S RUL. 221 M55/-,12 %,48202000,Shree Agencies
18101ENB SCRAP BOOK 32PAGE 40MRP,12 %,48202000,Shree Agencies
19101CRAFT 15*1520PC-SHAPE,12 %,482020,Shree Agencies
2Q BIOLOGY PRACTICAL BOOK,12 %,482020,Shree Agencies
2QP/R NOTE BOOK,12 %,48201090,Shree Agencies
2Q P/R NOTE BOOK BIOLOGY,12 %,4820,Shree Agencies
32610N SHAPE ROYAL BROWN72PGPLAIN,12 %,4820,Shree Agencies
400 PG H/B RUL.329 (250/-),12 %,48202000,Shree Agencies
40PG DRAWING 193 -35/-,12 %,48202000,Shree Agencies
6023SHAPE WR/PAD160PGPLAIN,12 %,48202000,Shree Agencies
6031 SHAPEW/P 160PG RULLRD,12 %,48202000,Shree Agencies
6601 SHAPE POKET D.112PG,12 %,48201010,Shree Agencies
6602 SHAPEPOCKET D.112PG,12 %,482020,Shree Agencies
76 King Rajdhani#,12 %,482020,Shree Agencies
76 Pg Rajadhani Book -2line,12 %,48202000,Shree Agencies
76 Pg Rajadhani Book 4-Line,12 %,48202000,Shree Agencies
76pg Rajdhani Book 3line,12 %,48202000,Shree Agencies
92PAGE LONG RUL 987 (40/-),12 %,48202000,Shree Agencies
98201 Jumbo(31x19)160pg-U/R,12 %,48202000,Shree Agencies
98202 JUMBO(31X19)160PG RULLED,12 %,48202000,Shree Agencies
A4 BLUE SHEET,12 %,48202000,Shree Agencies
A4 COPY PLUS 80GSM PAPER,12 %,48109900,Shree Agencies
A5 PAPER-B2B 70GSM,12 %,4802,Shree Agencies
A5 PINK SHEET,12 %,4802,Shree Agencies
A5 WHITE SHEET,12 %,48109900,Shree Agencies
A5 YELLOW SHEET,12 %,48109900,Shree Agencies
Ankit King Size 172 Pg,12 %,48109900,Shree Agencies
APSARA DRAWING NOTE BOOK-40PAGES,12 %,482010,Shree Agencies
APSARA DRAWING PENCILS SET,12 %,4820,Shree Agencies
APSARA NOTE BOOK 120 PAGES,12 %,96082000,Shree Agencies
APSARA NOTE BOOK 172PAGES,12 %,4820,Shree Agencies
APSARA OIL PASTEL 24 SHADES,12 %,4820,Shree Agencies
APSARA PENCILS PLATINUM,12 %,96099030,Shree Agencies
APSARA POPSTAR ART PENCIL/DISP10,12 %,9609,Shree Agencies
APSARA REGAL GOLD PENCIL,12 %,9609100,Shree Agencies
APSARA REGAL GOLD PENCILE,12 %,96091000,Shree Agencies
APSARA TIDY TOP SHARPNER,12 %,96091000,Shree Agencies
ARTLINE BLOCK FOREST PENCIL,12 %,8214,Shree Agencies
B 2 B A3 70 GSM PAPER,12 %,82141010,Shree Agencies
B 2 B A4 64 GSM PAPER,12 %,4820,Shree Agencies
B 2B A4 65 GSM PAPER,12 %,4802,Shree Agencies
B2 B A4 70 GSM PAPER,12 %,4802,Shree Agencies
B 2 B FS 70 GSM PAPER,12 %,48025790,Shree Agencies
BRIL GR 8 BALL PEN BLACK,12 %,4802,Shree Agencies
BRILL GR 8 BALL PEN BLUE,12 %,,Shree Agencies
C 3005 BOTANY RECORD 2QR BOOK,12 %,,Shree Agencies
CAMEL-KING SIZE 72PAGE SL-NOTE BOOK,12 %,4820,Shree Agencies
CAMEL NOTE BOOK KING SIZE 164 PAGES,12 %,48202000,Shree Agencies
CAMLIN COLOUR PENCIL 10s,12 %,46202000,Shree Agencies
CAMLIN COLOUR PENCIL 12 SHADES,12 %,96092000,Shree Agencies
Camlin Galaxy Geo Box,12 %,81141010,Shree Agencies
CAMLIN LEAD 0.7MM,12 %,90172020,Shree Agencies
CAMLIN OIL PASTEL JUNIOR 12SHADE,12 %,96092000,Shree Agencies
CAMLIN PLASTIC CRAYANS TIN 12SHADE,12 %,96099030,Shree Agencies
CAMLIN PLASTIC CRAYONS TIN 26SHADE,12 %,96091000,Shree Agencies
CAMLIN SCALE 12,12 %,96091000,Shree Agencies
C ARC MECH PENCIL 0.7MM 20/-,12 %,9017,Shree Agencies
Cash Bill 1/8,12 %,96091000,Shree Agencies
C CANVAS BOARD 10X12,12 %,49011020,Shree Agencies
C-CANVAS BOARD12X16,12 %,59011020,Shree Agencies
C CANVAS ROLL 213CMX5MTR,12 %,59011020,Shree Agencies
C COLOUR PENCIL 12S,12 %,59011020,Shree Agencies
C COLOUR PENCIL F 12S,12 %,81141010,Shree Agencies
C COLOUR PENCIL F 24S,12 %,96091000,Shree Agencies
CDRAWING BOOK A4,12 %,82141010,Shree Agencies
CLASSIC PLUS PENCILS CORRUGATED COUNTER,12 %,48202000,Shree Agencies
CLASSMATE NOTE BOOK 160 HARD LONG SL M 75,12 %,482369,Shree Agencies
CLASSMATE NOTE BOOK 160 HARD LONG UR M 75,12 %,4820,Shree Agencies
CLASSMATE NOTE BOOK 160 LONG UN M 50,12 %,4820,Shree Agencies
CLASSMATE NOTE BOOK 160 LONG UR M 50,12 %,4820,Shree Agencies
CLASSMATE NOTE BOOK 172 K/S SL M 45,12 %,4820,Shree Agencies
CLASSMATE NOTE BOOK 172 K/S UR M 45,12 %,4820,Shree Agencies
CLASSMATE NOTE BOOK 172 N/B SL M 30,12 %,4820,Shree Agencies
CLASSMATE NOTE BOOK 72 K/S UN M 20,12 %,4820,Shree Agencies
CLASSMATE NOTE BOOK 92 LONG SL M 30,12 %,4820,Shree Agencies
CLASS MATE NOTE BOOK 92 LONG UN M 30,12 %,4820,Shree Agencies
CLASSMATE NOTE BOOK 92 N/B SL M 20,12 %,4820,Shree Agencies
CLASSMATE NOTE BOOK K/S SL M 20,12 %,4820,Shree Agencies
CLIXX15/-@12,12 %,4820,Shree Agencies
COLOUR PENCIL-MRP20-00,12 %,9608,Shree Agencies
COPY GOLD75GSM A3,12 %,96091000,Shree Agencies
COPY GOLD A4 75 GSM PAPER,12 %,4802,Shree Agencies
COPY GOLD F/S,12 %,,Shree Agencies
Cplastic Crayans 15c,12 %,4802,Shree Agencies
C SUPREME FASHION 25/-,12 %,48201090,Shree Agencies
CUT SHEET BOARDA4 SIZE,12 %,96091000,Shree Agencies
CUTTER 18MM,12 %,4707,Shree Agencies
CUTTER MATT-NATRAJ,12 %,82119390,Shree Agencies
DAILY DAIRY,12 %,82141010,Shree Agencies
DARHIES PENCIL (50PCS),12 %,4820,Shree Agencies
DARKIES PENCIL (50PCS),12 %,96091000,Shree Agencies
Delite 2B Pencil Box 10 Pcs,12 %,96091000,Shree Agencies
Delite Hb Extra Dark Pencil Pkt 10 Pcs,12 %,,Shree Agencies
DOCUMATE A4 65 GSM,12 %,9609,Shree Agencies
D Pen,12 %,,Shree Agencies
Dragon Sheet,12 %,,Shree Agencies
DRAWING BOOK 40PG 2000-195-50/-,12 %,,Shree Agencies
DRAWING BOOK M 30,12 %,48202000,Shree Agencies
DRAWING SHEETS A3,12 %,4820,Shree Agencies
DRAWING SHEETS A4,12 %,48025520,Shree Agencies
Duplicate Bill Book 1/8,12 %,48025520,Shree Agencies
Duplicate Book 1/6,12 %,4820,Shree Agencies
ELKOS SMOOTH BP BL,12 %,,Shree Agencies
Exam Sharpener,12 %,,Shree Agencies
FC DRAWING BOOK-A3,12 %,82141010,Shree Agencies
FC LONG NOTE BOOK 160 PAGES,12 %,482020,Shree Agencies
FC SCALE SIIM 30 CM,12 %,482010,Shree Agencies
FRIXION 07 ROLLER PEN,12 %,,Shree Agencies
F/S COPIER PAPER 80GSM,12 %,,Shree Agencies
Funcil  Extra Dark Trnglr Pencil Pkt 10 Pcs,12 %,4802,Shree Agencies
Funcil Pencil 100 Pcs Jar,12 %,,Shree Agencies
GEOMETRY BOX LEADER,12 %,9608,Shree Agencies
Goodknight Liquie,12 %,7310,Shree Agencies
GRAPH BOOK M 18,12 %,,Shree Agencies
GRAPH SHEET,12 %,4820,Shree Agencies
Graph Sheet C302 Red,12 %,4820,Shree Agencies
H CHECKERS PEN PENCIL,12 %,4820,Shree Agencies
HIT BLACK,12 %,96084000,Shree Agencies
ITI DRAWING BOOK,12 %,380891,Shree Agencies
JK BOND PAPER 100GSM A4,12 %,4820,Shree Agencies
JK COPIER 75 GSM PAPER,12 %,,Shree Agencies
JK LEDGER 70GSMF/S,12 %,,Shree Agencies
JK MAX 67 GSM PAPER,12 %,4802,Shree Agencies
JK MAX A4 COPIER,12 %,4802,Shree Agencies
JUMBO KING SIZE 72PAGES,12 %,,Shree Agencies
KANGARO CUTTER M-18,12 %,482010,Shree Agencies
KANGARO CUTTER MP-18,12 %,482023,Shree Agencies
KANGARO EMERALD CUTTER 22MM,12 %,82119100,Shree Agencies
K CRESCENT FLUR A4 COPIER ASSORTED COLOUR 100 SHEET,12 %,82141090,Shree Agencies
K Crescent Flur Copier A4 Orange,12 %,4810,Shree Agencies
K Crescent  Flur Copier A4 Pink 100 Sht,12 %,4810,Shree Agencies
K Crescent Flur Copier A4 Yellow 100 Sht,12 %,4810,Shree Agencies
K Crescent Flur Copier Chrome 100 Sht  A4,12 %,4810,Shree Agencies
K Crescent Flur Copier Green 100 Sht A4,12 %,4810,Shree Agencies
K. CRESCENT FLUR COP PAPER A4 500 SHEET GREEN,12 %,4810,Shree Agencies
K.CRESCENT FLUR COP PAPER A4 YEL/GRN/CHR/PRG 500 SH,12 %,4810,Shree Agencies
K CRESCENT FLUR COP PPR A4 YELLOW 500 SHT,12 %,4810,Shree Agencies
K. CRESENT FLUR COPPPR A4 PINK 500 SHEET,12 %,4810,Shree Agencies
K.CRESENT FLUR COPPR A4 CHR 500 SHEET,12 %,4810,Shree Agencies
K.CRESNET FLUR COPPPR A4 ORANGE,12 %,4810,Shree Agencies
K. FLOURSCENT COLOUR PAPER 25SHEET FLD,12 %,4810,Shree Agencies
Khakhi Cover,12 %,4810,Shree Agencies
KING SIZE NOTE BOOK,12 %,,Shree Agencies
Kool Toolz Wax Crayons Shades 12,12 %,482020,Shree Agencies
KORES172PAGER 1 LINE NOTE BOOK,12 %,9609,Shree Agencies
KORES 172 PAGES NOTE BOOK-4LINE,12 %,482010,Shree Agencies
KORES 172PAGESUN-RULLED NOTE BOOK,12 %,482010,Shree Agencies
KORES2LINE 72PAGE NOTE BOOK,12 %,482010,Shree Agencies
KORES 4LINE NOTE BOOK72PAGES,12 %,482010,Shree Agencies
KORES A4 NOTEBOOK 172PAGES SINGLE LINE,12 %,482010,Shree Agencies
KORES BI COLOUR WAX CRAYONS(24SHADE),12 %,482010,Shree Agencies
KORES CLASSIC 11 CRICKET PENCIL DISPENSER BOX,12 %,960990,Shree Agencies
KORES CLASSIC+50PREMIUM 3B PENCIL DISP,12 %,960990,Shree Agencies
KORES CLASSIC+PREMIUM 3B PENCILS(10PCSPKING),12 %,821410,Shree Agencies
KORES CLASSIC PREMIUM H B PENCILS,12 %,821410,Shree Agencies
KORES DRAWING BOOK-36PAGES,12 %,960990,Shree Agencies
KORES GLIDE MECHANICAL PENCIL-0.7MM,12 %,482010,Shree Agencies
KORES GLITTER WAX CRAYONS 12+1,12 %,960910,Shree Agencies
KORES JUMBO CRAYONS 12+1SHADES,12 %,960990,Shree Agencies
KORES JUMBO CRAYONS 24+2,12 %,960990,Shree Agencies
KORES KING SIZE 72PAGES NOTE BOOK,12 %,960990,Shree Agencies
KORES KOOL TOOLZ 10HS COL PENCILS N,12 %,482010,Shree Agencies
KORES KOOL TOOLZ 12HS COL PENCILS N,12 %,960990,Shree Agencies
KORES LONG BOOK UN-RURULED,12 %,960990,Shree Agencies
KORES LONG NOTE BOOKSINGLE LINE-160PAGES,12 %,482010,Shree Agencies
KORES LONG SHADES CRAYONS 12+1SHADES,12 %,482010,Shree Agencies
KORES LONGSHADES CRAYONS 24+2,12 %,960990,Shree Agencies
Kores Neon Mech Pencil 0.5 mm,12 %,960990,Shree Agencies
KORES NEON MECH PENCIL 0.7MM,12 %,9608,Shree Agencies
KORES NOTE BOOK 172PAGES-2LINE,12 %,9609,Shree Agencies
KORES NOTE BOOK 2LINE 72PAGES,12 %,482010,Shree Agencies
KORES NOTE BOOK BOX LINE 72PAGES,12 %,482010,Shree Agencies
KORES NOTE BOOK UNRULLED,12 %,482010,Shree Agencies
KORES OIL PASTELS OP-12,12 %,482010,Shree Agencies
KORES OIL PASTELS OP-15,12 %,960990,Shree Agencies
KORES OIL PASTELS OP-25,12 %,960990,Shree Agencies
Kores Plastic Scale 15 cms,12 %,960990,Shree Agencies
KORES SCALE-6,12 %,9017,Shree Agencies
KORES SHADES CRAYONS-12PCS,12 %,9017,Shree Agencies
KORES SHARPNER,12 %,960990,Shree Agencies
KORES VICTOR 2B PENCIL,12 %,8214,Shree Agencies
KORES WOODEN PENCIL DISPENSER PACK,12 %,960990,Shree Agencies
K WHITE BOARD MARKER INK BLACK 15ML,12 %,960990,Shree Agencies
LIGHT PENCIL 0.5,12 %,321590,Shree Agencies
LONG BOOK 100 PAGE,12 %,,Shree Agencies
LONG NOTE BOOK 80PAGES RULED,12 %,,Shree Agencies
Mega Top Pen,12 %,482010,Shree Agencies
Metal Stamp Pad Ink Black,12 %,,Shree Agencies
MINI MAX ROYAL NOTE BOOK-172PAGES(MRP-45),12 %,3215,Shree Agencies
NATRAJ COLOUR PENCIL-(MRP-20-00),12 %,482020,Shree Agencies
NATRAJ MINI CUTTER,12 %,9609,Shree Agencies
NATRAJ SCALE15CMS,12 %,82141010,Shree Agencies
NATRAJ SCALE30CMS,12 %,90172090,Shree Agencies
NORD NOTE BOOK KING 100PG,12 %,90172090,Shree Agencies
Note Book 200 Pages,12 %,48202000,Shree Agencies
NOTE BOOK KING SIZE C-72PAGES  (SL),12 %,,Shree Agencies
PAINT MARKER PEN BLACK,12 %,482090,Shree Agencies
PAPERLINE A4 70 GSM,12 %,9608,Shree Agencies
PENCIL,12 %,4802,Shree Agencies
PENCIL 10/--@12%,12 %,9609,Shree Agencies
PENCIL PASTELA@12%6/-,12 %,96091000,Shree Agencies
PENCILS HB DARK JAR,12 %,96091000,Shree Agencies
Practical Log Book 2 Qr,12 %,9609,Shree Agencies
Prime Geometry Box,12 %,4820,Shree Agencies
RAJADHANI KING SIZE 172PAGES(SL),12 %,,Shree Agencies
RAJDHANI KING SIZE 76PAGES (SL),12 %,482010,Shree Agencies
REYNOLDS 045 PEN BLACK,12 %,482010,Shree Agencies
REYNOLDS BRITE PEN BLACK,12 %,,Shree Agencies
REYNOLDS BRITE PEN BLUE,12 %,,Shree Agencies
REYNOLDS FETTER YOUTH PEN,12 %,,Shree Agencies
REYNOLDS JETTER AEROSOFT PEN,12 %,,Shree Agencies
REYNOLDS JETTER CLASSIC PEN,12 %,,Shree Agencies
REYNOLDS JETTER GRIP PEN,12 %,,Shree Agencies
REYNOLDS JIFFY GEL PEN BLACK,12 %,,Shree Agencies
REYNOLDS JIFFY GEN PEN BLUE,12 %,,Shree Agencies
REYNOLDS JIFFY GEN PEN RED,12 %,,Shree Agencies
REYNOLDS LIQUI FLOW PEN BLUE,12 %,,Shree Agencies
REYNOLDS RACER GEL 20G PEN BLUE,12 %,,Shree Agencies
REYNOLDS RACER GEL PEN BLACK,12 %,9608,Shree Agencies
REYNOLDS RACER PEN GREEN,12 %,,Shree Agencies
REYNOLDS TRIMAX PEN BLUE,12 %,,Shree Agencies
Rorito Fefil,12 %,,Shree Agencies
ROUGH BOOK-124PAGES-PRINCE,12 %,,Shree Agencies
ROYAL BROWN 72PAGE-(31105),12 %,482020,Shree Agencies
ROYAL RULLEDPAPER BIG,12 %,482020,Shree Agencies
SAFARI JERSEY BAG,12 %,48202000,Shree Agencies
Semi Log Sheet,12 %,420212,Shree Agencies
SHARPNER 10/-@12%,12 %,,Shree Agencies
SKETCH PEN,12 %,82141010,Shree Agencies
Smoothline Permanent Marker Ink 15 Ml Assorted Colr,12 %,,Shree Agencies
SMOOTHLINE P MARKER INK RED 15 ML,12 %,3215,Shree Agencies
Smooth Line W B Marker Ink 100 Ml,12 %,3215,Shree Agencies
SMOOTHLINE W B MARKER PEN  Assorted Colours,12 %,3215,Shree Agencies
SMOOTH LINE WB MARKER PEN BLACK,12 %,9608,Shree Agencies
STEEL SCALE  (FOOT RULL),12 %,9608,Shree Agencies
STICE PAD,12 %,9017,Shree Agencies
SUPREME HD PENCILS,12 %,,Shree Agencies
T A4 LONG BOOK 388PAGES,12 %,96091000,Shree Agencies
TALES PENCILE,12 %,482020,Shree Agencies
TARANG COLOUR COPIER YELLOW A/4,12 %,96091000,Shree Agencies
TNPL A4 80 GSM PAPER,12 %,4802,Shree Agencies
UPEN PENCILE(15),12 %,4802,Shree Agencies
VICTOR DARK PENCIL,12 %,96092000,Shree Agencies
WAX CRAYONS24,12 %,9609,Shree Agencies
WAX CRAYONS 24 SHADES,12 %,96091000,Shree Agencies
WAX CRAYONS BOLD,12 %,9609,Shree Agencies
Wax Crayons Trilo Triangular,12 %,96091000,Shree Agencies
WAX CRYANS16SHADES,12 %,960910,Shree Agencies
WAX CRYONS 16,12 %,960910,Shree Agencies
Whte Board Marker Ink Blue15ml Blue,12 %,96091000,Shree Agencies
WHTE BOARD MARKER INK GREEN15ML,12 %,3215,Shree Agencies
WOODEN PENCIL GEM,12 %,3215,Shree Agencies
W Pen,12 %,9609,Shree Agencies
Xcellent A470GSM PAPER,12 %,,Shree Agencies
Y-DRAWING BOOK 100PAGE,12 %,4802,Shree Agencies
Y-DRAWING BOOK 56PAGE,12 %,482020,Shree Agencies
Y KING SIZE 100PG,12 %,482020,Shree Agencies
Y-LONG BOOK 100PAGES,12 %,462020,Shree Agencies
Y LONG BOOK 160PG,12 %,482020,Shree Agencies
Y LONG BOOK360 PG,12 %,462020,Shree Agencies
YOUVA PENCIL,12 %,482023,Shree Agencies
YOVA KING SIZE 160PAGES,12 %,960990,Shree Agencies
Y POCKET BOOK(10),12 %,482020,Shree Agencies
Y Pocket Book (12),12 %,48201090,Shree Agencies
Y Practical Book,12 %,482010,Shree Agencies
Y PRO CIRCLE D217,12 %,482020,Shree Agencies
YUVA CASE BOND (110/-),12 %,90172010,Shree Agencies
YUVA CASE BOND (35/-),12 %,48201090,Shree Agencies
YUVA CASE BOND B6,12 %,48201090,Shree Agencies
YUVA POCKET BOOK (5),12 %,482020,Shree Agencies
,12 %,96081019,Shree Agencies
10.5X4.5 BROWN COVER,,,Shree Agencies
10.5X4.5 COVER BROWN,18 %,4817,Shree Agencies
10.5x4.5window Cover Brown,18 %,4817,Shree Agencies
10X12 CLOTH COVER,18 %,4817,Shree Agencies
10X12ENVELOPE KRAFT 48KGS,18 %,4817,Shree Agencies
10X14CLOTH LINE GREEN,18 %,48171000,Shree Agencies
10x14 KHAKI COVERS,18 %,48171000,Shree Agencies
11X15 CLOTH COVER,18 %,4217,Shree Agencies
11X5 KRAFT COVER,18 %,4817,Shree Agencies
12.5X15.5 BROWN COVER,18 %,4817,Shree Agencies
126601 SHAPE POKET D-52PG,18 %,4817,Shree Agencies
126612-MINIMAX POKET D-124PG,18 %,482020,Shree Agencies
1800 I/P,18 %,482020,Shree Agencies
19102 SHAPE CRAFT2228CM25PG,18 %,96081019,Shree Agencies
2'' BOPP BROWN TAPE (B),18 %,48202000,Shree Agencies
23/8 Miles Pin,18 %,39191000,Shree Agencies
352 Carbon Double Side,18 %,8305,Shree Agencies
40002DUPLICATE BOOK,18 %,4816,Shree Agencies
40003 DUOLICATE BOOK 100PAGE MRP80/-,18 %,48202000,Shree Agencies
4001 DUPLICATE BOOK 100PAGE(40-00),18 %,482010,Shree Agencies
4002DUPLICATE BOOK(00NO-55-00),18 %,482010,Shree Agencies
4X9 BROWN COLOUR COVER,18 %,482010,Shree Agencies
5003SHAPE ULTA MAX BOX FILE MRP150/,18 %,48202000,Shree Agencies
5010 Carbon Red,18 %,481960,Shree Agencies
5010  CARBON White,18 %,,Shree Agencies
5010 CLRD CARBON YEL 100 SHT FLD,18 %,4816,Shree Agencies
5021 SHAPE MINI BOX FILE (KING),18 %,4816,Shree Agencies
503  Black F/s 210x330mm Carbon,18 %,481960,Shree Agencies
555 CLIP,18 %,4816,Shree Agencies
6011 SHAPE W/P80PAGE MRP10-1/16SIZE,18 %,83059020,Shree Agencies
6033SHAPE WR/PAD160PAGE RULLED,18 %,482010,Shree Agencies
6701 SHAPE WIRO WRITING PAD-80PAGE,18 %,48201010,Shree Agencies
6X4 KRAFT COVER,18 %,482010,Shree Agencies
700ML PASTE,18 %,4817,Shree Agencies
8.50X10.5 BROWN COVER,18 %,3506,Shree Agencies
9x4 KRAFT COVER,18 %,4817,Shree Agencies
A290201CR1Q,18 %,4817,Shree Agencies
A290701DP PASTO BALLPEN,18 %,19059020,Shree Agencies
A290801CBL ZONIC BALL PEN 10/-,18 %,19059020,Shree Agencies
A-2K,18 %,19059020,Shree Agencies
A3 SIZE BROWN COLOUR COVER,18 %,96086010,Shree Agencies
A-A1 BALL PEN BLUE,18 %,48202000,Shree Agencies
A-ACHIVER GREEN,18 %,96081019,Shree Agencies
A-BEST VALUE PEN BLUE,18 %,96081019,Shree Agencies
ABRO TAPE 3/4 MASKING TAPE,18 %,96081019,Shree Agencies
Accura Plactic Scale 30 cms Extra Wide,18 %,3920,Shree Agencies
ACTIITY KIT 699/-,18 %,,Shree Agencies
ACTIVA BALL PEN BL,18 %,340700,Shree Agencies
ACTIVA NX BALL PEN,18 %,96081019,Shree Agencies
ADD GEL-A1PEN 3PEN SET MRP20-00,18 %,18,Shree Agencies
ADD GEL CERAMIC BALL PEN,18 %,9608,Shree Agencies
ADD GELCLASSIC GEL ROLLER GOLD,18 %,96081019,Shree Agencies
ADD GEL CUTE BALL PEN STAND,18 %,96081019,Shree Agencies
ADD GEL DOLOS BALL PEN MRP30/-,18 %,96081019,Shree Agencies
ADDGEL-GKPEN PENCIL1.3MM,18 %,96081019,Shree Agencies
ADDGEL GOLD DIMOND GELROLLER,18 %,9608,Shree Agencies
ADDGEL HANDY MARKERS 60PC SET,18 %,96081019,Shree Agencies
ADD GEL ROLLER PEN GEL REX 30PC SET,18 %,96082000,Shree Agencies
ADD GEL SKETCH PEN,18 %,96061019,Shree Agencies
ADD GEL TECH PEN BLUE,18 %,9608,Shree Agencies
Add Jel Little Artist,18 %,9608,Shree Agencies
AEROX GEL PEN,18 %,96082000,Shree Agencies
Aer Power Packet,18 %,96081019,Shree Agencies
A-GEL ROLLEC PACK,18 %,3407,Shree Agencies
Air Freshner,18 %,96081019,Shree Agencies
A-LITTLE ARTIST,18 %,,Shree Agencies
A-METAL PEN BLUE,18 %,96081019,Shree Agencies
A-NUPOINT DX PEN 10PCS SET,18 %,96081019,Shree Agencies
APSARA DRAWING ARTIST PENCILS,18 %,96082000,Shree Agencies
APSARA GENZ BALL PEN 10*10 HANGER,18 %,96091000,Shree Agencies
APSARA GLASS MARKING PENCIL,18 %,96091000,Shree Agencies
APSARA MATHMATICALE PENCIL,18 %,9609,Shree Agencies
APSARA METAL BALL PENSTAR,18 %,9609,Shree Agencies
APSARA PENCILSMATHMATIC,18 %,96081019,Shree Agencies
APSARA PLATINUM KIT,18 %,96091000,Shree Agencies
APSARA POSTER COLOUR-12SHADES,18 %,90172090,Shree Agencies
APSARA POSTER COLOUR-6-SHADES,18 %,32189000,Shree Agencies
A-RETRA PEN 3PC SET,18 %,96081019,Shree Agencies
A-SENSE PEN 3PCS SET,18 %,96081019,Shree Agencies
A-SKETCH PEN,18 %,96081019,Shree Agencies
A-SR-2K-PEN,18 %,9608,Shree Agencies
ASTREOID GEOMITRY 250/-,18 %,96081019,Shree Agencies
AVIVA FINE LINER,18 %,90172010,Shree Agencies
A-XL WB/PM PACK(72+7),18 %,96081099,Shree Agencies
BALL PEN APSARA METAL MAX,18 %,96082000,Shree Agencies
BALLPEN NATRAJ-50PC JAR,18 %,96081019,Shree Agencies
BALL PEN SRX-FLAIR,18 %,9608,Shree Agencies
BAMBALIO NUMBERING MACHINE M 45-6,18 %,9608,Shree Agencies
B BINDER CLIP25MM,18 %,,Shree Agencies
B BINDER CLIP 32MM,18 %,830510,Shree Agencies
B BINDER CLIP 41MM,18 %,830510,Shree Agencies
BENELUX CLEAR BAG F/C,18 %,830510,Shree Agencies
BENELUX DOUBLE BUTTON FILE,18 %,39261019,Shree Agencies
BENELUX EXPANDABLE FILE,18 %,39261019,Shree Agencies
BHOW B/P 5/-,18 %,39261019,Shree Agencies
BINDING  DIMOND ROLL,18 %,9608,Shree Agencies
BINDING PAPER ROLL DIAMOND,18 %,370310,Shree Agencies
BINDING PAPER ROLLMITCO,18 %,370310,Shree Agencies
BINDING PAPER ROLL-SILVER,18 %,370310,Shree Agencies
BINDING ROLL PAPER KRAFT,18 %,370310,Shree Agencies
B JITO RB PEN,18 %,482040,Shree Agencies
BOPP PACKAGING TAPE BROWN 48MMX45 METERS,18 %,96081019,Shree Agencies
BOPP PACKAGING TAPE BROWN 48X65 METERS,18 %,3919,Shree Agencies
BOPP PACKAGING TAPE TRANS 48MMX45 METERS,18 %,,Shree Agencies
BOUNCE B/P 20/-,18 %,3920,Shree Agencies
BOX FILE,18 %,96081000,Shree Agencies
BROWN COLOUR COVER A4 SIZE,18 %,481960,Shree Agencies
Brown Tape 1,18 %,48202000,Shree Agencies
BUTTEN FILE,18 %,3920,Shree Agencies
BUTTER FLOW BALL PEN BLACK 10/-,18 %,8203,Shree Agencies
BUTTER FLOW BALL PEN RED 10/-,18 %,96081019,Shree Agencies
C ACRYLIC 10SHADE,18 %,96081019,Shree Agencies
C ACRYLIC 6SHADE,18 %,32139000,Shree Agencies
CALCULATER B JT 512,18 %,32139000,Shree Agencies
CALCULATER MAGNUS-512L,18 %,847010,Shree Agencies
CALCULATOR-K612,18 %,84701000,Shree Agencies
CAMLIN ARTIST ACRYLIC TUBES 9ML 12SHADE,18 %,84701000,Shree Agencies
CAMLIN BRUSH PEN6SHADE,18 %,32131000,Shree Agencies
CAMLIN EXAM COMPASS,18 %,96082000,Shree Agencies
CAMLIN PAINT MARKERWHITE,18 %,90172010,Shree Agencies
CAMLIN PAINT MARKER YELLOW,18 %,96082000,Shree Agencies
CAMLIN POSTER COLOUR12S,18 %,96088200,Shree Agencies
CAMLIN POSTER COLOUR 6S,18 %,32131000,Shree Agencies
CAMLIN WATER COLOUE TUBE 6S,18 %,32131000,Shree Agencies
CAMLIN WATER COLOURTUBE12S,18 %,32131000,Shree Agencies
CAMLIN WHITE BOARD MARKER JUMBO BK,18 %,32131000,Shree Agencies
CARBON COLOUR210X33MM 100 SHT FLD,18 %,9608,Shree Agencies
CARBONIX PEN FLAIR,18 %,4816,Shree Agencies
CASIO MJ-100-DA,18 %,96083019,Shree Agencies
CASIO MJ-12GST,18 %,84703000,Shree Agencies
CASIOMZ12SA,18 %,84703000,Shree Agencies
C ASPRO MAVRO BLUE 500/-,18 %,84703000,Shree Agencies
C BF CLASSIC ROLLER BLUE60/-,18 %,96081019,Shree Agencies
C BRUSH F SET OF 4,18 %,96081019,Shree Agencies
C Brush F Set of 7,18 %,96033090,Shree Agencies
C BRUSH PEN 12SHADE,18 %,96033010,Shree Agencies
C BRUSH R SET OF 4,18 %,96083020,Shree Agencies
C Brush R Set of 7,18 %,966033090,Shree Agencies
C BUTTER FLOE GREEN10/-,18 %,96033010,Shree Agencies
C BUTTERFLOW BALL PEN BLACK10/-,18 %,96081019,Shree Agencies
C BUTTER FLOW CARDHRG10/-PEN,18 %,96081019,Shree Agencies
C CAMLIN ACRYLIC 20S,18 %,96081019,Shree Agencies
CDMARKER BLUE,18 %,39069090,Shree Agencies
CELLO AURIS BLUE 6/-,18 %,9608,Shree Agencies
CELLO BF SIMPLY BP NEW 10CRD HGR BLUE-75,18 %,96081019,Shree Agencies
CELLO BUTTER FLOW BP BLUE10/-,18 %,96081019,Shree Agencies
CELLO CAESAR BP- BLUE-91,18 %,96081019,Shree Agencies
CELLO CHERISH 1500 CASEROLE,18 %,96081019,Shree Agencies
CELLO FASTER BLACK 5/-,18 %,392410,Shree Agencies
CELLO FASTER BLUE 6/-,18 %,96081019,Shree Agencies
CELLO FINE GRIP BLUE-5/-,18 %,96081019,Shree Agencies
CELLOFINGER GRIP GREEN,18 %,96081019,Shree Agencies
CELLO MOOD BP 100PCS,18 %,96081019,Shree Agencies
CELLO PAPER SOFT BLUE20/-,18 %,96081019,Shree Agencies
CELLO PAPER SOFT PEN BLACK,18 %,96081019,Shree Agencies
CELLO POCKET BLUE 10/-,18 %,96081019,Shree Agencies
CELLO POWER BLUE20/-,18 %,96081019,Shree Agencies
CELLO REGALE SELECTH BP 1BLTR-BLUE-87.50,18 %,96081019,Shree Agencies
CELLO SIGNATURE CARBNSLIM BTR-BLUE-120.60,18 %,96081099,Shree Agencies
CELLO-SIGNATURE IVORY BP BTR-BLUE-167.50,18 %,96081019,Shree Agencies
CELLO SUPER STAR BLACK6/-,18 %,96081019,Shree Agencies
CELLO SUPER STAR  BLUE 6/-,18 %,96081019,Shree Agencies
CELLO SUPER STAR RED6/-,18 %,96081019,Shree Agencies
Cello Tape 1 inch,18 %,96081019,Shree Agencies
CELLO TRIMATE PLUS BP,18 %,3920,Shree Agencies
CELLO ZIPPER BALL PEN10/-,18 %,960860,Shree Agencies
C EXEED 60/-,18 %,96081019,Shree Agencies
C Glass Colour W/B,18 %,96081019,Shree Agencies
CLASSMATE GEOMITRY ARCHIMIDIES 200/-,18 %,97019099,Shree Agencies
CLASSMATE GEOMITRY DISNEY INVENTO 180/-,18 %,90172010,Shree Agencies
Clat Mrp 20,18 %,90172010,Shree Agencies
CLAY 100GMS 10SHADES 4 MOULD MRP 70,18 %,3407,Shree Agencies
CLAY125 GRAMS RED,18 %,3407,Shree Agencies
CLAY125 GRMS BROWN,18 %,340700,Shree Agencies
CLAY 125GRMS YELLOW,18 %,340700,Shree Agencies
CLAY 350GRM,18 %,340700,Shree Agencies
CLAY 350GRM MRP 250,18 %,3407,Shree Agencies
CLAY BUCKET MRP 50-00,18 %,340700,Shree Agencies
CLAY BUCKET MRP99,18 %,3407,Shree Agencies
CLAY DOUGH300GRM 6SHADE5M-MRP170,18 %,3407,Shree Agencies
CLAY MRP125/-BUCKET,18 %,340700,Shree Agencies
CLAY MRP150,18 %,340700,Shree Agencies
Clay Mrp 170/-,18 %,3407,Shree Agencies
CLAY-MRP-25,18 %,340700,Shree Agencies
CLAY MRP-30-BLUE,18 %,340700,Shree Agencies
CLAY MRP-30-WHITE,18 %,340700,Shree Agencies
CLAY MRP 40,18 %,340700,Shree Agencies
CLAY MRP50,18 %,340700,Shree Agencies
CLAY MRP-60,18 %,340700,Shree Agencies
CLAY MRP 80,18 %,3407,Shree Agencies
CLAY MRP99,18 %,3407,Shree Agencies
Cleaning Solution,18 %,340700,Shree Agencies
CLEAR GLUE COMBO SET,18 %,,Shree Agencies
CLEAR GLUESTICK 25 GRM,18 %,3506,Shree Agencies
Clip File,18 %,3506,Shree Agencies
COBRA KHAKHEE FILE,18 %,,Shree Agencies
COBRA SPRING FILE,18 %,,Shree Agencies
Colin,18 %,,Shree Agencies
COLOUR PENCILS MRP25-(KORES),18 %,,Shree Agencies
Conference Pad,18 %,96091000,Shree Agencies
CONFERENCE PAD 40PAGE-12-MRP,18 %,,Shree Agencies
CONNECT BALL PEN 12/-,18 %,482010,Shree Agencies
Continius Stationaries,18 %,9608,Shree Agencies
CORRUGATED COUNTER CLAY DISPLAY,18 %,,Shree Agencies
C PINPOINT BLACK 10/-,18 %,482369,Shree Agencies
C PINPOINT BLUE 10/-,18 %,96081019,Shree Agencies
C SUPER STAR BLACK5/-,18 %,96081019,Shree Agencies
C TECHNOTIP BLACK 10/-,18 %,96081019,Shree Agencies
C TECHNOTIP BLUE 10/-,18 %,96081019,Shree Agencies
CTN RBN 13 X 10 MTR Godrej M12 Blk/BLST,18 %,96081019,Shree Agencies
CTN RBN ROLL 13X60 BLACK DRDBRD PK,18 %,9612,Shree Agencies
CTN RBN ROLL 13X60 PURPLE DRDBRD PK,18 %,9612,Shree Agencies
Cutter,18 %,9612,Shree Agencies
CUTTER902,18 %,82029990,Shree Agencies
Cutter Blade,18 %,82119400,Shree Agencies
CUTTER BLADE SMALL,18 %,,Shree Agencies
CUTTER KNIFE PA 901/Y,18 %,8214,Shree Agencies
CUTTER LADE B94-10,18 %,82119390,Shree Agencies
CUTTER NATRAJ LARGE,18 %,82119400,Shree Agencies
C WB CATRIDGE,18 %,82141010,Shree Agencies
C WINNER BLUE 6/-,18 %,32159010,Shree Agencies
C WINNER RED6/-,18 %,96081019,Shree Agencies
Day Book,18 %,96081019,Shree Agencies
DELI A 02602 STICK UP NEON3x3235*4 SHEETS,18 %,4820,Shree Agencies
DELI CALCULATOR-39231,18 %,4820,Shree Agencies
DELI CALCULATOR39251,18 %,8470,Shree Agencies
DELI CZ503 SCISSOR AST BOX 20T,18 %,3000,Shree Agencies
DELI D82MS SCIENTFIC CALCULATOR,18 %,8213,Shree Agencies
DELI MO 1120CALCULATOR,18 %,8470,Shree Agencies
DELI PUSH PINS 0021,18 %,,Shree Agencies
DELUXE REGISTER,18 %,7317,Shree Agencies
DEODARIZE 1LTR,18 %,481960,Shree Agencies
Dettol Handwash,18 %,3402,Shree Agencies
Dhamal Tempra Col-3Ml 12sh with Gold/silver,18 %,3402,Shree Agencies
Dhamal Tempra Colour 3 ML 6sh,18 %,3213,Shree Agencies
Dishwash Liquid,18 %,3213,Shree Agencies
DOMS SMART POINT PEN-MRP 4-00,18 %,,Shree Agencies
Double Side Tape,18 %,9608,Shree Agencies
DP480-KANGARO PUNCHING MACHINE,18 %,,Shree Agencies
DP-800,18 %,8305,Shree Agencies
Drawing Sheet File A2 Sz,18 %,84624910,Shree Agencies
DUAL SIDE BUTTON FOLDER,18 %,4820,Shree Agencies
DUAL TIP BRUSH &SKETCH PENS-12 SHADES,18 %,,Shree Agencies
DUPLICATE BOOK NO-1,18 %,960820,Shree Agencies
DUPLICATE BOOK NUM-0,18 %,4820,Shree Agencies
ECONOMY NON MAGNETINC WHITE BOARD 2 X 3,18 %,4820,Shree Agencies
ECONOMY NON-MAG WHITE BOARD 1 1/2 X 2,18 %,9610,Shree Agencies
ECONOMY NON-MAG WHITE BOARD 3 X4,18 %,9610,Shree Agencies
EEE GEL G/P(6/-),18 %,9610,Shree Agencies
Elfen PP Lever Arch File Blk/blu/violet,18 %,9608,Shree Agencies
ENERGEL CLICK PEN,18 %,481960,Shree Agencies
ENVOLOPE COVER,18 %,96081019,Shree Agencies
EXAM SCALE 15CM,18 %,481710,Shree Agencies
EXAM SCALE 30CMS,18 %,90172010,Shree Agencies
Executive Pad 1/16 Sz 100 Page Ruled G401,18 %,90172010,Shree Agencies
EXECUTIVE PAD 1/8 40 PAGES,18 %,4820,Shree Agencies
Ex Pad 1/6 100 Pages,18 %,,Shree Agencies
EZEE CLICK B/P 7/-,18 %,,Shree Agencies
FABER CASTTLE OHP MARKER BLUE,18 %,9608,Shree Agencies
FABRICACRYLIC COLOUR BLACK,18 %,96081090,Shree Agencies
FABRIC ACRYLIC COLOUR-DARK BROWN,18 %,32139000,Shree Agencies
FABRIC ACRYLIC COLOUR-DARK RED,18 %,32139000,Shree Agencies
FABRIC ACRYLIC COLOUR-GOLDEN YELLOW,18 %,32139000,Shree Agencies
FABRIC ACRYLIC COLOUR GREEN,18 %,32139000,Shree Agencies
FABRIC ACRYLIC COLOUR -WHITE,18 %,32139000,Shree Agencies
FABRIC ACRYLIC LEMON YELLOW,18 %,32139000,Shree Agencies
FABRIC COLOURPLASTIC BOX-10COLOUR,18 %,32139000,Shree Agencies
FABRIC POUCH,18 %,32131000,Shree Agencies
FASHION BALL PEN,18 %,42022290,Shree Agencies
FEATHER TOUCH HANDY,18 %,96081019,Shree Agencies
FEATHER TOUCH STAMPAPAD PURPLE,18 %,9612,Shree Agencies
FEATHER TOUCH STAMP PAD BLACK,18 %,9612,Shree Agencies
FEATHER TOUCH STAMP PAD ECO GREEN,18 %,9612,Shree Agencies
FEATHER TOUCH STAMP PAD (ECO) PURPLE,18 %,9612,Shree Agencies
FEATHER TOUCH STAMP PAD ECO RED,18 %,9612,Shree Agencies
FEATHER TOUCH STAMP PAD GREEN,18 %,9612,Shree Agencies
FEATHER TOUCH STAMP PAD RED,18 %,961220,Shree Agencies
FEVICOL MR 100/-,18 %,9612,Shree Agencies
FEVIKWIK 5/-,18 %,35061000,Shree Agencies
FI-FI B/P,18 %,35061000,Shree Agencies
File Pouch,18 %,9608,Shree Agencies
Finger Grip Non Toxic 10 Gms,18 %,,Shree Agencies
FLAIR B/P 20/-,18 %,340490,Shree Agencies
FLAIR CARISHMA BP,18 %,96081000,Shree Agencies
FLAIR FC-309 BL,18 %,96081019,Shree Agencies
FLAIR FC -320,18 %,,Shree Agencies
FLAIR FC -501TX(370),18 %,84701000,Shree Agencies
FLAIR FC-512,18 %,84701000,Shree Agencies
FLAIR FC-837,18 %,84701000,Shree Agencies
FLAIR MOVE BALL PEN 10/-,18 %,84701000,Shree Agencies
FLAIR PENEZEE-CLICK MRP-5,18 %,96081019,Shree Agencies
FLAIR SWIFT BP,18 %,9608,Shree Agencies
FLAT BRUSH SET,18 %,96081019,Shree Agencies
FLOOR CLENER LIQUID 5LTR,18 %,96033010,Shree Agencies
FOLDER FILE MY CLEAR BAG,18 %,34013090,Shree Agencies
F-POP GEL,18 %,8305,Shree Agencies
F/s Folder File,18 %,9608,Shree Agencies
Funcil Neon ET Pencil Pkt of 10 Pcs,18 %,4820,Shree Agencies
Funcil Pencil Pkt 10 Pcs,18 %,,Shree Agencies
FUNCILS PENCILS 12 H (S) SET,18 %,,Shree Agencies
FYRO PEN,18 %,9609,Shree Agencies
G 403 EXECT PAD 1/16 SZ 200PGS RULED,18 %,96081019,Shree Agencies
G 404 Executive Pad 1/16sz 200 Pages Plain,18 %,4820,Shree Agencies
G 405 EXe Pad 1/8sz 100 Pgs Ruled,18 %,,Shree Agencies
G 406 Exe Pad 1/8sz 100 Pgs Plain,18 %,4820,Shree Agencies
G 407 EXE PAD 1/8 SZ 200PGS RULED,18 %,4820,Shree Agencies
G 408 Exe Pad1/8sz 200pga Plain,18 %,4820,Shree Agencies
G 511 Spiral Book1/16sz Slide,18 %,4820,Shree Agencies
G 511 Spiral Book 1/16sz Top,18 %,4820,Shree Agencies
G 513  SPIRAL BOOK 1/8SZ TOP,18 %,4820,Shree Agencies
G 513 SPRAL BOOK 1/8sz Slide,18 %,4820,Shree Agencies
G 601 ENGLISH RECEIPT BOOK,18 %,,Shree Agencies
G 602 KANNADA RECEIPT BOOK,18 %,4820,Shree Agencies
G 603 RENT RECEIPT BOOK,18 %,4820,Shree Agencies
G 608M SOFT ATTENDANCE REGISTER,18 %,,Shree Agencies
G 609 ATTENDANCE REGSTR 1 Qr BOOK,18 %,4820,Shree Agencies
G 610 Attendance Reg 2qr Book,18 %,4820,Shree Agencies
G 611 STAFF ATTENDANCE REGISTER 1 QR BOOK,18 %,4820,Shree Agencies
G 627 CASH VOUCER SPECIAL,18 %,4820,Shree Agencies
GARBAGE BAG (S),18 %,4820,Shree Agencies
GARBAGE BAGS(L),18 %,3926,Shree Agencies
GEOMATRY ARCHIMIDIES 200/-,18 %,3926,Shree Agencies
GEOMETRY BOX MAX,18 %,90172010,Shree Agencies
GLASS GEL PEN 10/-,18 %,9023,Shree Agencies
GLASS G/P,18 %,9608,Shree Agencies
GLITTER(F),18 %,96081000,Shree Agencies
Good Luck555 Ball Pen Black,18 %,96081099,Shree Agencies
Goodluck PenGL,18 %,9608,Shree Agencies
GRAPH SHEET C3020 GREEN,18 %,9608,Shree Agencies
GUN TACKER TS-823,18 %,4820,Shree Agencies
GUN TRACKER TP -10,18 %,84729010,Shree Agencies
Gun Tracker TS-13h,18 %,82055910,Shree Agencies
GUN TRACKER TS 2313A,18 %,84729010,Shree Agencies
GUN TRACKER TS-623,18 %,,Shree Agencies
H Aerox Bp,18 %,84729010,Shree Agencies
Hand Glouse,18 %,96081019,Shree Agencies
Hand Wash,18 %,,Shree Agencies
HAUSER AEROX BALL PEN,18 %,,Shree Agencies
HAUSER BALL PEN,18 %,96081019,Shree Agencies
HAUSER GEOMATRY BOX,18 %,9608,Shree Agencies
H-CRYSTAL TECH GEL(20),18 %,901720,Shree Agencies
H DOKU GLIDE DX,18 %,96081019,Shree Agencies
Hello Kitty Gel Pen,18 %,96081019,Shree Agencies
Highlighter,18 %,96081099,Shree Agencies
Highlighter Yellow,18 %,,Shree Agencies
HOOK 10S POUCH BLUE 100/-,18 %,9608,Shree Agencies
HOT LINE BALL PEN,18 %,960810,Shree Agencies
H Q10 HAUSER Q10 BALL PEN,18 %,9608,Shree Agencies
HS 10H/Y2,18 %,96081019,Shree Agencies
HXO 20 BP,18 %,8305,Shree Agencies
HXO BALL PEN,18 %,96081019,Shree Agencies
H XO JUMBO GEL,18 %,9608,Shree Agencies
INDIAN GLUE STICK RED,18 %,96081019,Shree Agencies
INK LINE BALL PEN 20/-,18 %,3506,Shree Agencies
INKY CARTRIDGE@18%,18 %,9608,Shree Agencies
I T I DRAWING FILE,18 %,3215,Shree Agencies
JALWA BALLPEN,18 %,,Shree Agencies
KAKHI COVER,18 %,9602,Shree Agencies
Kangaro 26/6 Pin,18 %,,Shree Agencies
KANGARO MINI 10,18 %,830520,Shree Agencies
KANGARO MRG-18 CUTTER,18 %,84729010,Shree Agencies
KANGARO MRG-9CUTTER,18 %,82119100,Shree Agencies
KANGARO NO 10 STAPLER,18 %,82119100,Shree Agencies
KANGARONUMBER 10 PIN,18 %,8472,Shree Agencies
KANGARO PIN REMOVER SR100,18 %,8305,Shree Agencies
KANGARO POCKET STEPLER 10,18 %,83052000,Shree Agencies
KANGARO PUNCH DP-500,18 %,84729099,Shree Agencies
KANGARO PUNCH DP52,18 %,8472,Shree Agencies
KANGARO PUNCH DP700,18 %,8305,Shree Agencies
KANGARO STAPLER HD 23 S13,18 %,8472,Shree Agencies
KANGARO STAPLER HD-45,18 %,84729010,Shree Agencies
KANGARO STAPLER HP10,18 %,8305,Shree Agencies
KANGARO STAPLER HP210,18 %,8305,Shree Agencies
KANGARO STAPLER HS G10,18 %,8305,Shree Agencies
KANGARO STAPLER PIN HS 10 EN,18 %,84729010,Shree Agencies
KANGARO STEPLER,18 %,83052000,Shree Agencies
KANGARO STEPLER PIN 23/6,18 %,8305,Shree Agencies
KANGARRO STAPLER HD 23 S24,18 %,8305,Shree Agencies
KING COBRA FILE,18 %,84729010,Shree Agencies
K-INITIATIVE,18 %,4820,Shree Agencies
KIT NATRAJ BEST OF LUCK,18 %,998314,Shree Agencies
KOKUYO CORRECTION TAPE,18 %,90172090,Shree Agencies
KOLL CLAY 160 GMS NEON ORANGE,18 %,38249090,Shree Agencies
Kool Clay 100 Gms 12 Shades,18 %,3407,Shree Agencies
KOOL CLAY 100GMS12SHADE WITH 4 MOULD MRP 85/-,18 %,3407,Shree Agencies
Kool Clay 100 Gms 6 Shades JAR,18 %,340700,Shree Agencies
KOOL CLAY 100 GMS 6 SHD WITH 3 MINI MOUL,18 %,6407,Shree Agencies
Kool Clay 100 Gms 8 Shades 4 Mould,18 %,3407,Shree Agencies
KOOL CLAY 100GRM MRP-50,18 %,3407,Shree Agencies
Kool Clay 125 Grams(Dark Blue),18 %,340700,Shree Agencies
KOOL CLAY 125 GRAMS GREEN,18 %,340700,Shree Agencies
KOOL CLAY125GRAMSLIGHT BLUE,18 %,340700,Shree Agencies
KOOL CLAY 125 GRAMS YELLOW,18 %,340700,Shree Agencies
KOOL CLAY 125GRMS GREY,18 %,340700,Shree Agencies
KOOLCLAY 125GRMS ORANGE,18 %,340700,Shree Agencies
KOOL CLAY 125GRMS VIOLET,18 %,340700,Shree Agencies
KOOL CLAY 125 GRMS WHITE,18 %,340700,Shree Agencies
Kool Clay 150 Gms 12 Shades Bug Legs & Tools,18 %,340700,Shree Agencies
KOOL CLAY 150 GRAMS 7 SHADES,18 %,3407,Shree Agencies
KOOL CLAY 160 GMS BLACK,18 %,3407,Shree Agencies
KOOL CLAY 160 GMS BROWN,18 %,3407,Shree Agencies
KOOL CLAY 160GMS GREY,18 %,3407,Shree Agencies
KOOL CLAY 160 GMS LIGHT BLUE,18 %,3407,Shree Agencies
KOOL CLAY 160 GMS MAGENTA,18 %,3407,Shree Agencies
KOOL CLAY 160 GMS NEON GREEN,18 %,3407,Shree Agencies
KOOL CLAY 160 GMS NEON ORANGE,18 %,3407,Shree Agencies
KOOL CLAY 160 GMS NEON PINK,18 %,3407,Shree Agencies
KOOL CLAY 160 GMS NEON YELLOW,18 %,3407,Shree Agencies
KOOL CLAY 160 GMS ORANGE,18 %,3407,Shree Agencies
Kool Clay 160 Gms Red,18 %,3407,Shree Agencies
KOOL CLAY 160 GMS VIOLET,18 %,3407,Shree Agencies
Kool Clay-160gms-White,18 %,3407,Shree Agencies
KOOL CLAY-160GMS-YELLOW,18 %,340700,Shree Agencies
KOOL CLAY 160 GRAM SINGLE COLOUR,18 %,340700,Shree Agencies
Kool Clay 160grm#green,18 %,3407,Shree Agencies
KOOL CLAY 160 GRM ASSORTED COLOURS,18 %,3407000,Shree Agencies
KOOL CLAY 160GRM EMRAID GREEN,18 %,3407,Shree Agencies
KOOL CLAY-160GRM MAROON,18 %,340700,Shree Agencies
KOOL CLAY 160GRM PASTEL SKIN COLOUR,18 %,340700,Shree Agencies
KOOL CLAY 160 GRM WHITE,18 %,340700,Shree Agencies
KOOL CLAY 160 GSM DARK BLUE,18 %,3407,Shree Agencies
KOOL CLAY 160 GSM PINK,18 %,3407,Shree Agencies
Kool Clay 165 Gms 12 Shades 4 Mould,18 %,3407,Shree Agencies
KOOL CLAY 200 GR 3 MOUND AND ROLLER,18 %,3407,Shree Agencies
KOOL CLAY 200 GRAM + STICK EZY,18 %,3407,Shree Agencies
KOOL CLAY 200 GRM 12 SHADES,18 %,3407,Shree Agencies
Kool Clay 225 Gms 5 Shades 3 Mould Bkt,18 %,3407,Shree Agencies
KOOL CLAY 240GRMCUP CLAY MRP150-00,18 %,3407,Shree Agencies
Kool Clay 500 Gms 12 Shades,18 %,340700,Shree Agencies
Kool Clay 50 Gms 12 Shades,18 %,3407,Shree Agencies
Kool Clay 50 Gms 6 Shades,18 %,3407,Shree Agencies
KOOL CLAY 50GMS 6 SHADES 1 MOULD,18 %,3407,Shree Agencies
Kool Clay 50 Gms 6 Shades 2 Mould,18 %,3407,Shree Agencies
Kool Clay 60 Gms 24 Shades,18 %,3407,Shree Agencies
Kool Clay 60gms Brown,18 %,340700,Shree Agencies
Kool Clay 60gms Green,18 %,340700,Shree Agencies
KOOL CLAY 60 GMS  SINGLE COLOLUR,18 %,340700,Shree Agencies
Kool Clay 60gms-White,18 %,3407,Shree Agencies
Kool Clay 60gms Yellow,18 %,340700,Shree Agencies
KOOL CLAY 8 GRAMS 6 SHADES,18 %,340700,Shree Agencies
KOOL CLAY MRP 60-00,18 %,3407,Shree Agencies
KOOL CLAY PASTEL SKIN125GRAMS,18 %,340700,Shree Agencies
Kool Clay Single Colour Yellow 60grms,18 %,340700,Shree Agencies
Kool Floating Clay 80 Gms 6 Shades,18 %,340700,Shree Agencies
KOOLKLAY 80GMS 6SHD+2NEON WITH 3MINI MOULD-MRP-50/0,18 %,3407,Shree Agencies
KOOL TOOLZ STICK EAZY 18 ML HANGER,18 %,340700,Shree Agencies
Kool Toolz Stick Ezy 20 ML Hanger 10 Tubes,18 %,3407,Shree Agencies
KOOPE BUTTON FILE,18 %,3407,Shree Agencies
KORES 12 MINI SKETCH PENS,18 %,39261019,Shree Agencies
KORES 12 SHADE SKETCH PENS,18 %,960820,Shree Agencies
Kores Clay 200g 12s+1craftool Kittybox,18 %,960820,Shree Agencies
KORES CLAY 220GRM 12SHADE-MRP140,18 %,340700,Shree Agencies
Kores Clear Glue Stic 8 Gms,18 %,340700,Shree Agencies
KORES CLEAR GLUE STICK 15GRM(GREEN),18 %,3506,Shree Agencies
KORES CLEAR GLUE STICK-25GRM-GREEN,18 %,3506,Shree Agencies
KORES COMPASS,18 %,3506,Shree Agencies
KORES CORRECTION TAPE-12M,18 %,,Shree Agencies
KORES DECORATION TAPE-3M,18 %,382499,Shree Agencies
KORES DOUBLE-SIDED CLEAR ADHESIVE TAPE,18 %,392610,Shree Agencies
Kores Erazax-Ex Aqua Fast Dry 15 Ml,18 %,391910,Shree Agencies
Kores Erazax-Ex White Ink Corctn Pen Set,18 %,,Shree Agencies
Kores Fax Paper Rol 210mm X 30 Mts,18 %,3824,Shree Agencies
KORES GEOMETRIX GEOMATRY BOX,18 %,4811,Shree Agencies
KORES GEOMETRIX GEOMETRY BOX(150/-0,18 %,731029,Shree Agencies
KORES GEOMTRIX DIECAST COMPASS,18 %,731029,Shree Agencies
Kores Glue Stick 25 Gms,18 %,901720,Shree Agencies
KORES GLUE STICK 25GRM RED,18 %,3506,Shree Agencies
KORES GLUE STICK5 GRM..,18 %,350610,Shree Agencies
KORES HIGH LIGHTER ASSORTED,18 %,3506,Shree Agencies
KORES KOOL CLAY 50GRM MRP 40-00,18 %,9608,Shree Agencies
KORES KOOL CLAY 60GMS24PCS BLUE-MRP30/-,18 %,340700,Shree Agencies
KORES KOOL CLAY 60GMS24PCS.PINK MRP-30/-,18 %,340700,Shree Agencies
KORES KOOL CLAY 60GRM 24PCS BLACK,18 %,340700,Shree Agencies
KORES KOOL CLAY 60GRM 24 PCS BROWN,18 %,340700,Shree Agencies
KORES KOOL CLAY 60GRM24PCS GREEN,18 %,340700,Shree Agencies
KORES KOOL CLAY 60GRM 24PCS MAGENTA,18 %,340700,Shree Agencies
KORES KOOL CLAY 60GRM 24PCS ORANGE,18 %,340700,Shree Agencies
KORES KOOL CLAY 60GRM 24PCS RED,18 %,340700,Shree Agencies
KORES KOOL CLAY 60GRM 24PCS WHITE,18 %,340700,Shree Agencies
KORES KOOL CLAY 60GRM 24PCS YELLOW,18 %,340700,Shree Agencies
Kores Kool Clay 60grm in Plastic Pouchmrp-30-00,18 %,340700,Shree Agencies
KORES KOOLSILKY SAND500GRM MRP299-00,18 %,340700,Shree Agencies
Kores Kool Toolz Silky Sand 400grm-2shd,18 %,950300,Shree Agencies
Kore Smart Correct Cortn Pen 7 Ml,18 %,950300,Shree Agencies
KORES MATT GEO GEOMETRYBOX,18 %,9608,Shree Agencies
KORES MDF EXAMPADS,18 %,731029,Shree Agencies
KORES MULTI MARKER RED,18 %,441112,Shree Agencies
KORES MULTY MARKER GREEN(CDMARKER),18 %,960820,Shree Agencies
KORES MULTY MARKER PEN GREEN,18 %,960820,Shree Agencies
KORES MULTY MARKER RED(CDMARKER),18 %,960820,Shree Agencies
Kores My Buddy Kit Rs 49/-Kit,18 %,9608,Shree Agencies
KORES MY BUDDY Rs/149,18 %,960820,Shree Agencies
KORES MY BUDDY RS-199/-KIT,18 %,340700,Shree Agencies
Kores My Buddy Rs.20/-Kit,18 %,340700,Shree Agencies
Kores My Buddy Rs.99/-Kit,18 %,960820,Shree Agencies
KORES NON MAGNETIC DUSTER,18 %,960820,Shree Agencies
KORES NUMBERING INK 100ML RED,18 %,9603,Shree Agencies
KORES PERMNENT MARKER BLUE PEN,18 %,321590,Shree Agencies
Kores Permnent Marker Ink Black 15ml,18 %,9608,Shree Agencies
Kores Permnent Marker Ink Blue 15ml,18 %,3215,Shree Agencies
KORES PERMNENT MARKER INK RED,18 %,3215,Shree Agencies
Kores Permnent Marker Pen Green,18 %,321590,Shree Agencies
Kores Plastic Scale 30 cms,18 %,9608,Shree Agencies
KORES PLAY DOUGH180GMS PSHADES -BUCKET,18 %,,Shree Agencies
KORES PLAY DOUGH 200GRM 4SHADES-120/-MRP,18 %,340700,Shree Agencies
KORES PLAY DOUGH 240GMS 12SHADES -BUCKET,18 %,340700,Shree Agencies
KORES PLAY DOUGH 360GMS 24SHADES-BUCKET,18 %,340700,Shree Agencies
KORES PLAY DOUGH 400GRM 16SHADES-BUCKET,18 %,340700,Shree Agencies
KORES PLAY DOUGH400GRM-8 SHADES-250MRP,18 %,340700,Shree Agencies
KORES POSTER COLOURS-12SHADES,18 %,340700,Shree Agencies
KORES POSTER COLOURS-6SHADES,18 %,321390,Shree Agencies
KORES SMART CORRECT CORRECTION PEN-3ML,18 %,321390,Shree Agencies
KORES SMOOTHLINE-PASTEL,18 %,382499,Shree Agencies
KORES SMOOTH LINE WHITE BOARD MARKER INK 15ML,18 %,960820,Shree Agencies
KORES STEPLEPIN NO10-20PKTIN BOX,18 %,321590,Shree Agencies
KORES TEMPRA DHAMAL-18SHADES,18 %,830520,Shree Agencies
KORES TRANSPERENT EXAM PAD,18 %,321390,Shree Agencies
KORES WATER COLOUR CAKES 12 SHADES,18 %,392610,Shree Agencies
KORES WHITE BOARD MARKER GREEN INK 15ML,18 %,321310,Shree Agencies
KORES WHITE GLUE 10GMS,18 %,321590,Shree Agencies
KORES WHITE GLUE10GRM,18 %,350610,Shree Agencies
KORES WHITE GLUE 110GRM,18 %,3506,Shree Agencies
KORES WHITE GLUE 20GRM,18 %,3506,Shree Agencies
KORES WHITE GLUE-20GRMS JAR(30PCS),18 %,3506,Shree Agencies
KORES WHITE GLUE 50GRM,18 %,350610,Shree Agencies
KORES WHITE GLUE STICK-5GRM,18 %,3506,Shree Agencies
Kp 80 Punching Capacity 1 mm,18 %,3506,Shree Agencies
K PAPER PINS 26 MM (PLASTIC BOX) 70 GMS,18 %,,Shree Agencies
Lakshman Rekha,18 %,8305,Shree Agencies
LEAD 5/-,18 %,,Shree Agencies
LINC OCEAN GEL BLUE(10/-),18 %,96092000,Shree Agencies
LINC PENTONIC BALL10PCS BOX BLACK,18 %,9608,Shree Agencies
LINC PENTONIC BALL 10PCS BOX BLUE,18 %,96081099,Shree Agencies
LINC SHINE GLITTER 10PC PACK,18 %,96081099,Shree Agencies
LINC SIGNETTA GOLD 40/-,18 %,96081099,Shree Agencies
LINC SIGNETTA SUPER TIP 30/-,18 %,9608,Shree Agencies
Lizol,18 %,9608,Shree Agencies
LONG LIFE SRTAMP PAD 90X159(L) PURPLE,18 %,3402,Shree Agencies
LONG LIFE STAMP PAD 51X95 (S) PURPLE,18 %,9612,Shree Agencies
LONG LIFE STAMP PAD 70X111 (M) PURPLE,18 %,9612,Shree Agencies
LUXAR 100/100 GEOMETRY BOX,18 %,9612,Shree Agencies
LUXAR CHISEL MARKER ASS,18 %,73102110,Shree Agencies
Magnetic Duster,18 %,96082000,Shree Agencies
Match Box,18 %,9603,Shree Agencies
METAL SCALE,18 %,,Shree Agencies
METAL STAMPING INK 100ML BLACK,18 %,,Shree Agencies
METAL STAMP INK BLUE 100 ML,18 %,321590,Shree Agencies
METAL STAMP PAD,18 %,3215,Shree Agencies
Metal Stamp Pad Ink  Purple,18 %,9612,Shree Agencies
MINT BALL PEN10/-,18 %,3215,Shree Agencies
MISTY B/P5/-,18 %,9608,Shree Agencies
MONTEX-MEGA TOP BLUE,18 %,96081099,Shree Agencies
MULTI COPY 210X330MM 100 SHEET,18 %,9609,Shree Agencies
MUNIX DTD 120,18 %,4816,Shree Agencies
MUNIX DTD-170,18 %,39261019,Shree Agencies
Munix Scissor Mstar,18 %,,Shree Agencies
MUNIX SCISSORS AS5180,18 %,82130000,Shree Agencies
MUNIX SCISSORS GL 2185 C3,18 %,8305,Shree Agencies
MUNIX SCISSORS KR 9153,18 %,82130000,Shree Agencies
MUNIX SCISSORSSL1160,18 %,82130000,Shree Agencies
MUNIX SCISSORSSL1183,18 %,8305,Shree Agencies
MY BUDDY ARTIVITY KIT-499/-,18 %,8305,Shree Agencies
MY BUDDYT Rs-15/-KIT,18 %,821300,Shree Agencies
NATARAJ MIST PEN,18 %,901780,Shree Agencies
NATRAJ BALL PEN ALL-SPARK,18 %,96083019,Shree Agencies
NATRAJ BALL PEN GLOW MRP-5,18 %,96081019,Shree Agencies
NATRAJ BALL PEN SNAPPY,18 %,9608,Shree Agencies
NATRAJ GELIX PEN(GEL)MRP-5,18 %,96081019,Shree Agencies
NATRAJ PEN CLASSIC,18 %,9608,Shree Agencies
NATRAJ SUPERX BALL PEN(MRP5-00),18 %,96081019,Shree Agencies
NEON BALL COLOR FEST PEN 10/-,18 %,,Shree Agencies
NEON LINE 6/,18 %,96081099,Shree Agencies
NEON LINES 6/-PEN,18 %,82141010,Shree Agencies
NEO SCHOOL-MATE PEN MRP-7,18 %,82141010,Shree Agencies
Nidhi Box File 955,18 %,9608,Shree Agencies
Note Book 100 Page,18 %,48196000,Shree Agencies
NUMBERING INK 25ML RED,18 %,,Shree Agencies
Numbering Ink Black & Red 100 ML Bottle,18 %,,Shree Agencies
Numbering Ink  Red 50 ML Bottle,18 %,321590,Shree Agencies
Numbering Ink  Red 25 Ml Bottle,18 %,3215,Shree Agencies
O2 B/P 10/-,18 %,3215,Shree Agencies
OCTAIN FOUNTAIN INK PEN,18 %,96081019,Shree Agencies
OCTANEBALL PEN BLACK10/-,18 %,960830,Shree Agencies
OCTANE BALL PEN BLUE 10/-,18 %,960830,Shree Agencies
OCTANE GEL PEN BLUE10/-,18 %,96081099,Shree Agencies
OCTANE GEL PEN RED 10/-,18 %,960810,Shree Agencies
OCTENE GEL PEN BLACK10/-,18 %,960810,Shree Agencies
Office Paste 150 ML,18 %,960810,Shree Agencies
Office Paste 300 ML,18 %,3506,Shree Agencies
Office Paste 60 Ml,18 %,3506,Shree Agencies
Office Paste 700 ML,18 %,,Shree Agencies
Offset Ink Aid,18 %,3506,Shree Agencies
OMEGA FUN FAIR PEN,18 %,,Shree Agencies
OMEGA PASSION PEN,18 %,9608,Shree Agencies
One Hole Punch F P 20,18 %,9608,Shree Agencies
PACKINGAND FORWORDING CHARGES,18 %,846249,Shree Agencies
PACKING TAPE 3 INCH,18 %,9967,Shree Agencies
Packing Thread,18 %,,Shree Agencies
Packot Scroll Book,18 %,,Shree Agencies
PAD INK 25ML,18 %,4820,Shree Agencies
PAD INK 50ML,18 %,3215,Shree Agencies
Paper Craft 02250068 S/l-20/-,18 %,3215,Shree Agencies
PAPER CRAFT 2250070 SLCON PAD 10/-,18 %,482010,Shree Agencies
PAPERKRAFT CHOPIN BLACK 150/-PEN,18 %,482010,Shree Agencies
PAPER PIN 50 GRAMS,18 %,960810,Shree Agencies
PC DREAM LINER BK,18 %,8305,Shree Agencies
PC DREAM LINE REFILL,18 %,96081019,Shree Agencies
P C LOOK GOLD BALLPEN,18 %,96081019,Shree Agencies
P C PEN,18 %,96081019,Shree Agencies
P C PEN(125/-),18 %,96081019,Shree Agencies
PC ROLL ON(MRP50-00),18 %,96081019,Shree Agencies
PEN 5/-,18 %,96081019,Shree Agencies
PEN MRP 10/-,18 %,960810,Shree Agencies
PEN STAND,18 %,960810,Shree Agencies
PENTEL-ZEE BP,18 %,39261011,Shree Agencies
PENTONIC VRT BLK,18 %,96081019,Shree Agencies
PENTONIC VRTBLUE,18 %,9608,Shree Agencies
Pen (Use and Throw),18 %,9608,Shree Agencies
PERMNENT MARKER RED PEN,18 %,9608,Shree Agencies
PILOT BALL PEN,18 %,9608,Shree Agencies
PILOT PEN V5 BLUE,18 %,96081099,Shree Agencies
Plastic Cover,18 %,96081019,Shree Agencies
PLCP 5010  210X330 RED 100 SHT,18 %,,Shree Agencies
PLCP 5010 210X330 WHITE 100 SHT,18 %,4816,Shree Agencies
PLCP MULTY COPY 210X330MM 100SHT FLD,18 %,4816,Shree Agencies
PLCP SAPHIRE 210X330MM 100SHEET FLD,18 %,481620,Shree Agencies
PLCP SAPHIRE 420X330MM 100SHEET FLD,18 %,481620,Shree Agencies
POCKET BOOK S.R.S,18 %,480990,Shree Agencies
POWER CELL,18 %,4820,Shree Agencies
PREMIUM WRITING PAD 1/8TH-80PAGES,18 %,8506,Shree Agencies
PRINCE WRITING PAD-1/8-160PAGE,18 %,482010,Shree Agencies
PULP B/P 7/-,18 %,482010,Shree Agencies
Punching Machine DP 280,18 %,9608,Shree Agencies
REYNOLDS BRITE PEN RED,18 %,,Shree Agencies
REYNOLDS RACER GEL BLUE,18 %,9608,Shree Agencies
REYNOLDS RACER GEL RED,18 %,9608,Shree Agencies
RIBBON RLS COTTON 13MMX60MTRS BLACK,18 %,9608,Shree Agencies
RIBBON RLS COTTON 13MMX 60MTRS Purple,18 %,9612,Shree Agencies
RORITO FASTY GEL PEN,18 %,9612,Shree Agencies
RORITO FLYMAX GEL BLUE-15/-,18 %,9609,Shree Agencies
RORITO FLYMAX GEL GREEN 15/-,18 %,96081099,Shree Agencies
RORITO FLYMAX GEL PEN 15/-,18 %,96086090,Shree Agencies
RORITO FLYMAX GEL RED 15/-,18 %,96086090,Shree Agencies
RORITO RACE RITE9/-,18 %,96081090,Shree Agencies
ROUND BRUSH SET,18 %,96081099,Shree Agencies
Rubber Band,18 %,96033010,Shree Agencies
RUBBER BAND500GMS,18 %,3824,Shree Agencies
SAPPHIRE BLUE 21X330MM 100 SHEET FLD,18 %,8443,Shree Agencies
SAPPHIRE CARBON,18 %,4816,Shree Agencies
SAPPHIRE CDARBON 420X330MM,18 %,4816,Shree Agencies
SCHOLAR BASIC G BOX,18 %,4816,Shree Agencies
SCHOLAR PLUS GEOMATRY BOX,18 %,90172010,Shree Agencies
SCISSOR GL-2185 215MM,18 %,90172010,Shree Agencies
SCISSOR MUNIX AS 5250,18 %,,Shree Agencies
SCISSORS,18 %,8305,Shree Agencies
SCISSORS GL-2185 216 MM,18 %,82130000,Shree Agencies
SCISSORS MUNIX AS 5143,18 %,8305,Shree Agencies
SCISSORS OFFER PACK,18 %,8305,Shree Agencies
Seal,18 %,82130000,Shree Agencies
SHEET CLAY 330GRAMS-24SHADES175/-,18 %,96110000,Shree Agencies
SILVER LINES 6/-,18 %,340700,Shree Agencies
SKETCH PEN MINI,18 %,82141010,Shree Agencies
Smart Correction Pen 7ml,18 %,96082000,Shree Agencies
SMOOTHE LINE PERMNT MARKER INK 15 ML BLACK,18 %,3824,Shree Agencies
SMOOTHIE DF USE&THROUGH BALL PEN,18 %,3215,Shree Agencies
SMOOTH LINE CD-DVD MARKER BLACK,18 %,9608,Shree Agencies
Smoothline CD/DVD MARKER PEN ASSORTED COLOURS,18 %,9608,Shree Agencies
SMOOTHLINE + HIGHLIGHTER PEN BLUE,18 %,9608,Shree Agencies
SMOOTHLINE + HIGHLIGHTER PEN GREEN,18 %,9608,Shree Agencies
SMOOTHLINE + HIGHLIGHTER PEN ORANGE,18 %,9608,Shree Agencies
SMOOTHLINE+ HIGHLIGHTER PEN PINK,18 %,9608,Shree Agencies
SMOOTHLINE PERMANENT MARKER  PEN BLACK,18 %,9608,Shree Agencies
Smooth Line Per Marker Pen Assorted Colour,18 %,9608,Shree Agencies
SMOOTH LINE PERMNENT MARKER GREEN INK 15ML,18 %,9608,Shree Agencies
SMOOTHLINE PLUS W B MARKER PEN BLACK,18 %,321590,Shree Agencies
SMOOTHLINE PLUS WB MARKER PEN BLUE,18 %,9608,Shree Agencies
SMOOTHLINE PLUS WB MARKER PEN GREEN,18 %,9608,Shree Agencies
SMOOTHLINE PLUS WB MARKER PEN RED,18 %,9608,Shree Agencies
Smoothline W.B.Marker Ink 15ml Assorted Colours,18 %,9608,Shree Agencies
SMOOTHLINE W.B. MARKER INK BLACK 15 ML,18 %,3215,Shree Agencies
Spring File,18 %,3215,Shree Agencies
STAFF ATTENDENCE 2 QUR BOOK,18 %,4802,Shree Agencies
Stamp Pad Ink 100 Ml Bottle,18 %,,Shree Agencies
STAMP PAD INK 100 ML PURPLE,18 %,3215,Shree Agencies
Stamp Pad Ink 25 Ml Bottle,18 %,3215,Shree Agencies
Stamp Pad Ink 500 Ml Bottle,18 %,3215,Shree Agencies
Stamp Pad Ink 50 Ml Bottle,18 %,3215,Shree Agencies
Standard Stapler No. 10,18 %,3215,Shree Agencies
Staple Pin No.10,18 %,,Shree Agencies
Staple Pin No. 24/6,18 %,84436030,Shree Agencies
STAPLER DS 23 S24,18 %,,Shree Agencies
STAPLER DS-23 S 24 FL,18 %,,Shree Agencies
STAPLER DS-45L,18 %,,Shree Agencies
STAPLER G-10,18 %,84729010,Shree Agencies
STAPLER HD-10D,18 %,,Shree Agencies
STAPLER HD-23L 24FL,18 %,,Shree Agencies
STAPLER HD-23 S 13,18 %,,Shree Agencies
STAPLER  HD 23 S 17,18 %,,Shree Agencies
STAPLER HP-45,18 %,,Shree Agencies
STAPLER ICON,18 %,,Shree Agencies
Stapler Pin 23/10,18 %,,Shree Agencies
Stapler Pin  23/13,18 %,8305,Shree Agencies
Stapler Pin 23/15,18 %,84436030,Shree Agencies
Stapler Pin 23/17,18 %,,Shree Agencies
STAPLER PIN 23/20,18 %,8305,Shree Agencies
STAPLER PIN 23/6,18 %,,Shree Agencies
STAPLER PIN 24/6,18 %,,Shree Agencies
Stapler Pin No. 10,18 %,8305,Shree Agencies
STAPLER PIN NO. 23/24,18 %,8305,Shree Agencies
STAPLER PIN NO.23/8,18 %,8305,Shree Agencies
STICK EAZY ADDHESSIVE GUM,18 %,,Shree Agencies
STICK EZY200MLMRP35,18 %,3506,Shree Agencies
Stick Ezy 20ml Mrp-5-00,18 %,3506,Shree Agencies
STICK EZY 50ML (HANGER OF 10 PCS),18 %,3506,Shree Agencies
Stick File Premium,18 %,3506,Shree Agencies
STUDY TABLE,18 %,82031000,Shree Agencies
SUMMER 10/- PEN,18 %,94029020,Shree Agencies
SYLVIA B/P 6/-,18 %,960810,Shree Agencies
TAG,18 %,96081099,Shree Agencies
TAPE DISPENSER CSM 201,18 %,48211010,Shree Agencies
TAPE DISPENSER CSM 301,18 %,84223000,Shree Agencies
TAPE DISPENSOR,18 %,84223000,Shree Agencies
Teaching Kit,18 %,39261011,Shree Agencies
Teamo B/p 7/-,18 %,4816,Shree Agencies
TEMPERA DHAMAL G&S 12SH GLITTER WB,18 %,96081099,Shree Agencies
Toner Drum,18 %,3213,Shree Agencies
TOTEMPEN-555,18 %,,Shree Agencies
TRACING PAPER A3,18 %,9608,Shree Agencies
T W CP 503 MED 210X330MM 100 SHT FLD,18 %,,Shree Agencies
TYPING RIBBON BLACK 10MTRS,18 %,4816,Shree Agencies
U-BALL PEN(100-00),18 %,9612,Shree Agencies
U BALL PEN (149),18 %,96081099,Shree Agencies
UBALL PEN(40),18 %,96081019,Shree Agencies
U BOLDDTRON BP,18 %,96081019,Shree Agencies
U-CLIKTRON BP,18 %,96081019,Shree Agencies
U FOUNTAIN PEN,18 %,96081019,Shree Agencies
U-I BALL 2X BP(20),18 %,96083019,Shree Agencies
U KENT BP (50),18 %,96081019,Shree Agencies
ULTRON CLICK BL,18 %,96081019,Shree Agencies
U Marcus Ballpen(80/-),18 %,9608,Shree Agencies
U NEXA-60/-,18 %,96081019,Shree Agencies
U NEXA 60 PEN,18 %,96081019,Shree Agencies
UNOMAX FOUNTAIN PEN (MRP-50),18 %,96081019,Shree Agencies
UNOMAX GELTRON FASHION,18 %,96083019,Shree Agencies
UNOMAX GELTRON(RT)GEL PEN,18 %,9608,Shree Agencies
UNOMAX GLITER,18 %,96081019,Shree Agencies
UNOMAX-I-BALL2XPEN,18 %,96081019,Shree Agencies
UNOMAX PAPER GLIDE,18 %,96083019,Shree Agencies
UNOMAX TURBO GLIDE PEN,18 %,96081012,Shree Agencies
UNO NEO 2X BALLPEN,18 %,96081012,Shree Agencies
U-PEN(125-00),18 %,96081019,Shree Agencies
U PEN (250/-),18 %,96081099,Shree Agencies
U PEN PENCILE(150),18 %,96081019,Shree Agencies
U-PERAL BALL PEN,18 %,,Shree Agencies
U POP GEL PEN,18 %,96081019,Shree Agencies
U PRESTO PEN,18 %,96081019,Shree Agencies
U Refill,18 %,96081019,Shree Agencies
U-SONET(75),18 %,96081099,Shree Agencies
U XTRON BP,18 %,96081019,Shree Agencies
VIKASA CR 200,18 %,96081099,Shree Agencies
VIM BAR250GRMS,18 %,48171000,Shree Agencies
Visiting Card,18 %,3402,Shree Agencies
VOUCHER FILE,18 %,,Shree Agencies
Wax Crayons Shades 12,18 %,4819,Shree Agencies
WHITE BOARD 2 X 3,18 %,,Shree Agencies
WHITE BOARD MARKER INK BLACK,18 %,,Shree Agencies
WHITE BOARD MARKER INK BLUE 15ML,18 %,9608,Shree Agencies
WHITE BOARD MARKER INK RED 15ML,18 %,3215,Shree Agencies
WHITE BOARD MARKER PEN BLACK,18 %,3215,Shree Agencies
WHITE BOARD MARKER PEN GREEN,18 %,9608,Shree Agencies
WHITE BOARD MARKER PEN RED,18 %,960820,Shree Agencies
White Bond 2 X2,18 %,9612,Shree Agencies
WHTE BOARD MARKER PEN BLUE,18 %,,Shree Agencies
WINDOUS COVER,18 %,9608,Shree Agencies
WINDOWS COVER SPECIAL  SIZE,18 %,,Shree Agencies
W-MEOW-PEN,18 %,,Shree Agencies
WOODY BALL PEN10/-,18 %,9608,Shree Agencies
WORKSHOP DIARY,18 %,9608,Shree Agencies
W-Quote Pen,18 %,4820,Shree Agencies
WRITOMETER B/P 25/-,18 %,9608,Shree Agencies
WRITTING PAD,18 %,960810,Shree Agencies
W-TIK TAK PEN,18 %,,Shree Agencies
Y COMPASS,18 %,9608,Shree Agencies
Y EXAM BOARD (140/-),18 %,901720,Shree Agencies
YOLO BALL PEN10/-,18 %,482090,Shree Agencies
YOUVA GRAPH BOOK 96PAGE,18 %,9608,Shree Agencies
YUVA GRAPH BOOK 60PAGE,18 %,482010,Shree Agencies
ZAP GEL,18 %,482010,Shree Agencies
,18 %,9608,Shree Agencies
APSARA ERASER NONDUS-MRP5,,,Shree Agencies
APSARA ERASER NONDUST,5 %,40169200,Shree Agencies
CAMLIN SPIN ERASER,5 %,40169200,Shree Agencies
C FRUTY ERASER 5/-,5 %,40169200,Shree Agencies
ERAZER CUBE@5%,5 %,40169200,Shree Agencies
EXAM ERASER,5 %,4016,Shree Agencies
JUTE DARA,5 %,40169200,Shree Agencies
KORES NONDUST ERASER(JUMBO),5 %,5303,Shree Agencies
NATRAJ WILD ERASE MRP-10,5 %,4016,Shree Agencies
PAT RICE BRAN OIL 175/-,5 %,40169200,Shree Agencies
SUPREME XI ERASER,5 %,15159040,Shree Agencies
T-SHIRT,5 %,40169200,Shree Agencies
,5 %,6109,Shree Agencies
BAMBALIO LAMINATION SHEET 425 A,,,Shree Agencies
,14.50 %,,Shree Agencies
KOOL CLAY 100 GMS 12 SHD WITH 4 MOULD &1,,,Shree Agencies
,28 %,3407,Shree Agencies
Kores Duble Side Tape,,,Shree Agencies
Sprial Pad 1/6 80 Pages,,,Shree Agencies
,,4820,Shree Agencies
CELLO TRAVEL STAR WATER JUG,,,Shree Agencies
DUSTLESS CHALK COLOUR 10 PCS(240BOX),,392310,Shree Agencies
DUSTLESS CHALK COLOUR 144 PCS,,960990,Shree Agencies
Dustless Chalk White 12 PCS,,9609,Shree Agencies
DUSTLESS CHALK WHITE 144 PCS,,9609,Shree Agencies
Zero Dustless Chalk Colour 12 Pcs,,960990,Shree Agencies
ZERO DUSTLESS CHALK WHITE 10PCS,,9609,Shree Agencies
,,9609,Shree Agencies
CALCIUM CARBONATE CHALK COLOUR BOX,,,Shree Agencies
DUSTLESS CHALK WHITE 10PCS(240BOX),,9609990,Shree Agencies
DUSTLESS CHALK WHTE144(WHITE BOX),,960990,Shree Agencies
FROM REGISTER-5,,960990,Shree Agencies
PREMIUM CALCIUM CARBONETE CHALK WHTE 10PCS,,,Shree Agencies
TO REGISTAR-5,,960990,Shree Agencies
,,48201020,Shree Agencies
Bambalio Numbering M45-6,,,Shree Agencies
Clay Activity Kit,,,Shree Agencies
CTN RBN 13X10 MTR GODREJ M12 PURPLE BLST,,,Shree Agencies
Delite Plus Extra Dark Pencil Pkt 10 Pcs,,,Shree Agencies
FRIGHT DISCOUNT,,,Shree Agencies
Glitter Glue 15 ML 10 Single Colour,,,Shree Agencies
HAND COVER,,,Shree Agencies
Harpic,,,Shree Agencies
Kool Clay 100 Gms 6 Shades (Flat Pack),,,Shree Agencies
Kool Clay 100 Gms 6shades in Cup with 3 Mld,,,Shree Agencies
Kool Toolz Stic Ezy 50 ML Hanger 1 0 Bottle,,,Shree Agencies
KORES CLAY 100GMS MRP70,,,Shree Agencies
Kores K.Clay 220gms 12Shd 4Mlds+1rolls-Mrp-140,,,Shree Agencies
K.SMOOTHLINE W.B.MARKER INK RED 15ML,,,Shree Agencies
PAINT MARKER PEN WHITE,,,Shree Agencies
Pocket Book,,,Shree Agencies
Rto Forums-26-28-30,,,Shree Agencies
SMART CORRECTION PEN 5 ML,,,Shree Agencies
SMOOTHLINE PLUS PERMANENT MARKER RED,,,Shree Agencies
Smoothline WB Marker Ink 50 ML Bk/Bl/Rd/Gr,,,Shree Agencies
TW 77 Std Wt Black with ISI MARK F/S,,,Shree Agencies
Visiting Card Empty Box,,,Shree Agencies
Vuncil Lneon ET Pencil Pkt 10 Pcs,,,Shree Agencies
White Board 1.5X1.5,,,Shree Agencies
,,,Shree Agencies
Cello Tape 1/2 inch,,,Shree Agencies
P Cover,,,Shree Agencies
Sealing Wax,,,Shree Agencies
,,,Shree Agencies
