product_name,gst,hsn_code
12x17 EXCEL BOND P,12%,48025790
12x18 100GSM LINEN W,12%,48102900
12X18-100GSM PAPER-4,12%,48101390
12X18-GLOSSY-SPECIAL,12%,48102900
12x18 ITC MATT 100GS,12%,48059200
12X18 ITC MATT 250GS,12%,48059200
12X18 ITC MATT BOARD,12%,48059200
12X18 METALIC GOLD 3,12%,48059100
12X36 DIGITAL PAPER2,12%,480256  
13x19matt 105gsmx5,12%,48102900
13X19-LINEN WHITE 30,12%,48102900
13X19WHITE LENIN,12%,48109900
180 GSM 210X297 DOUB,12%,48101990
182GP WR 610MMX30MT,12%,48101390
270GSM 30.50CMSX46CM,12%,48109900
2/SART BOARD GLOSS ,12%,48102900
2/S ART BOARD GLOSS,12%,48102900
2/s Coated Art Board,12%,48101920
2/S COATED PAPER-170,12%,48101990
2/S COATED PAPER/BOA,12%,48101990
75SERIES BLACK1KG,12%,32151140
75SERIES VIM GREEN1K,12%,32151140
A4 100GSM,12%,480256  
A475GSM COPY GOLD,12%,48025690
A4 75GSM JK ECO CANV,12%,48025690
A485GSM WESCO BOND ,12%,48025690
A4 IF 135GSM GLOSSY,12%,48101490
A4 I FOTO INKJET PHO,12%,48101490
A4 I Foto Ink Jet Ph,12%,48101490
A4 KODAK INK JET PHO,12%,48101490
A4 KODAK SUBLIMATION,12%,48101490
APSARA PENCIILPLATIN,12%,96091000
ARJUN PHOTO PAPER 13,12%,48101990
ARJUN PHOTO PAPER 18,12%,48101990
BROWN ENOVELAP11X5,12%,481710  
C2S COATED BOARD 481,12%,48109900
C2S COATED PAPER-481,12%,48109900
CANON 790 BLACK INK,12%,32151990
CERAMIC MUG 110Z,12%,69120090
COATED ART PAPER 112,12%,48101320
COATED ART PAPER 300,12%,48101320
COATING SOLUTION 500,12%,32151190
Compu A3 182 Gsm Ink,12%,48101990
COMPUPHOTOPAPER 180G,12%,48101490
Compu Photo Paper180,12%,48101990
COMPU PHOTOPAPER 180,12%,48101990
CREAM WOVE PAPER,12%,48025790
CYAN:COLD SET,12%,32151910
DAMPING CLOTH 130 MM,12%,5911000 
DAMPING CLOTH 140 MM,12%,59119000
DAMPING CLOTH 160 MM,12%,59119000
DAMPING DLOTH 90 MM,12%,59119000
DAMPNING CLOTH(WHITE,12%,59111000
DESMAT PAPER A4 130,12%,48101490
DESMATT CLICK ID 180,12%,48109900
Digi Art Board 250 G,12%,45101990
DIGITAL ART BOARD SP,12%,48059100
EPSON008 YELLOW INK,12%,32151990
EURO COLOR 210GSM 21,12%,48101990
EURO COLOUR 182GSM 2,12%,48101990
GLOSS BLACK200GRM,12%,32151140
GLOSS INK AID500ML ,12%,32151190
GLOSSY D/S PHOTO PAP,12%,48101390
IF A3 180GSM 50SHEET,12%,48101490
I FOTO 180GSM A4 50S,12%,48101490
I FOTO 210GSM A4 20S,12%,481099  
INFINITY BOND 100/50,12%,48025690
INFINITY BOND85/100,12%,48025690
INK100ML SUBLIMATION,12%,32159090
IPH INK JET GLOSSY P,12%,481099  
JK EXCEL BOND 100GSM,12%,48025790
JK EXECUTIVE BOND PA,12%,48025790
KENT/JMD PHOTOPAPER,12%,48025690
KLIK ID 180GSM 4X6 1,12%,48109900
KODAK SELF ADHESIVE,12%,48101490
KRAFT PAPER,12%,48045100
LONG NOTE BOOK 92PAG,12%,482010  
MAP PRINTING PAPER(W,12%,48025790
MATT PAPER12X18,12%,48025790
MATT PAPER13X19,12%,48101990
MATT WHITE200GRM PAC,12%,32151140
MCG-870-75 SERIES HT,12%,32151140
MIRROR COATED PAPER2,12%,48102900
NATARAJ MINI CUTTER,12%,82141000
NEW STAR WEB BLACK O,12%,32151910
Nj Gp Wr 170gsm-210x,12%,48101490
NJ GP WR 180G-102X15,12%,48101490
NOVA JET 202 GSM 50,12%,48101390
NOVA JET PHOTO GLOSS,12%,48101390
NOVA JET PHOTO PAPER,12%,48101390
NOVA JET PHOTO PAPER,12%,48101390
NOVA JET PHOTO PAPER,12%,48101390
NOVA JET POTO PAPER,12%,48101390
NUMEXINK RED,12%,32151910
O/S PRNTG INK SUPER,12%,32151910
PAPERONE100GSM12X18(,12%,48025690
PAPERONE 100GSM 13X1,12%,48025690
POLYSTER MESH 48.551,12%,59112000
PREMIUM PHOTO GLOSSY,12%,48101490
PREMUM PHOTO GLOSSY,12%,48101490
PRINTING PAPER A/4-4,12%,48025690
PVC INK MAROON 200 G,12%,32151140
PVC INK SUPER WHITE,12%,32151140
PVC MATT WHITE,12%,32151910
R/70WHITE-COATED PAP,12%,48025790
S-Race Sublimation 8,12%,48169010
SUBLIMATION PAPER A4,12%,48101390
SUBLIMATION PAPER A4,12%,48101390
U PEN PENCIL(15),12%,96082000
VINISHINE MAROON 1KG,12%,32151140
VMS PHOTO PAPER 130G,12%,48101490
WHITE PAPER CUT SHEE,12%,48025790
YELLOW:COLD SET,12%,32151910
05/80A COMPITABLE TO,18%,84439959
100MIC OHP210X297MM,18%,39206220
100 OHP100-210*297MM,18%,39206220
12MM CELLO TAPE,18%,39191000
12mm Cello Tape(Smal,18%,39191000
12X18 AVERYDENSE TR,18%,39199090
12X18 METALIC SILVER,18%,39206919
12X18METALIC SILVER-,18%,39206919
12X18 METALIC SILVER,18%,39206919
12X18 MITSUBISHI 270,18%,48115190
12X18 OPAQUE STICKER,18%,39199090
12X18 TESLIN SHEET R,18%,39201019
13X19-GUM PAPER,18%,48114100
130 GSM WHITE OPAQUE,18%,39219099
13x19 GOLD COLOUR ST,18%,392020  
13X19 SILVER COLOUR,18%,392020  
2"BOPP BROWN TAPE(B),18%,39191000
2"CELLO TAPE(B),18%,39191000
2"CELLO TAPE(R),18%,39191000
2BROWN TAPE 325MTRS,18%,39191000
24MM CELLO TAPE 55MT,18%,39191000
24 MM CELLO TAPE(B),18%,39191000
24 MM COLOUR TAPE,18%,39191000
250GSM A-4 (20)GLOSS,18%,48115190
3" Cello Tape (100mt,18%,39191000
36MM BLACK TAPE,18%,39191000
4*6 MITSUBISHI 270 G,18%,48115190
48 MM COLOUR TAPE (B,18%,39191000
48MM FLOOR MARKING T,18%,85469090
569X720X.28MM-WINNER,18%,84425020
576x700x28mm-Winner,18%,84425020
576X720X.28MM-WINNER,18%,84425020
576x844x.28MMX.28MM,18%,84425020
608x850x.28mm EROS-5,18%,84425020
60MM BOPP SELF ADHES,18%,39191000
645X830X.28MM-EROS ,18%,84425020
72MM BOPP SELF ADHES,18%,39191000
75 Series BLACK,18%,32151140
75 SERIES INK ASSORT,18%,32151140
925 COMPITABLE TONER,18%,84439959
A-1BALL PEN BLUE,18%,96081019
A3 CT 100OHP,18%,3921909 
A3 KODAK TRACING PAP,18%,48063000
A-BALL PEN BLUE,18%,96081019
ABRO MASKING TAPE-18,18%,48114100
ABRO MASKING TAPE24M,18%,48114100
ADD GEL SKETCH PEN ,18%,96081019
ADD-ON SELF ADHESIVE,18%,48114100
AJANTA FOOTRULER 30C,18%,90172010
Aluminium Handle Squ,18%,84439100
A-METAL BALLPEN 70PC,18%,96081019
AMRO BOPP ADHESIVE T,18%,39199090
AMRO BOPP ADHESIVE T,18%,39199090
AMRO BOPP ADHESIVE T,18%,39199090
AMRO BOPP ADHESIVE T,18%,39199090
AMRO PU FOAM 750ML ,18%,39269091
ARJUN PHOTO GLOSS RO,18%,48115190
ARJUN WHITE OPAQUEGL,18%,39219099
AROCOM-7,18%,35069190
AVERYDENSION CR ART1,18%,48114100
AW2455F 483MMX 330MM,18%,48114100
BABY FOUNT(BLUE),18%,38249900
BABY FOUNT(PINK),18%,38249900
BADGE SELF ADHESIVE,18%,48114100
BALL PEN NATARAJ GLO,18%,96081029
BARCODE LABEL 50*25/,18%,48219090
BARCODE RIBBON 55MM*,18%,96121010
BINDER4000-60KG,18%,32064990
Black NL200PL (20KG),18%,32151120
BLACK PVC LS 20X30 ,18%,39199090
BOILED OIL,18%,32151190
BONDEX-1KG,18%,39052100
BOPP SELF ADHESIVE T,18%,39199090
BUDGET 260X400,18%,39206290
Bull Bond Pouch,18%,35061000
CANON 790 MAGENTA IN,18%,32151990
CANON INK BOTTLE G1-,18%,32151990
CANON INK BOTTLE G1-,18%,32151990
CANON INK BOTTLE GI-,18%,32151990
CANON INK BOTTLE GI-,18%,32151990
C-BROWN-100GMS,18%,32041770
C CLAMP 2,18%,84439100
CD STICKER MC 13X19,18%,48114100
CELLO TAPE 1/2 INCH,18%,39199090
Cello Tape 1 inch,18%,39199090
CELLO TAPE 2 inch 20,18%,39199090
CELLO TAPE 2 INCHES,18%,39199090
Cello Tape 3/4 inch,18%,39199090
CLEAR FILM PVC S.A.,18%,39199090
CMY VIOLET,18%,
COMPU DOUBLE SIDE PH,18%,392190  
COMPU PHOTOPAPER 240,18%,48115190
COMPU PHOTOPAPER 270,18%,48115190
COM STY 70GSM 10X12X,18%,48204000
CR-20X30-90/130-RADI,18%,48114100
CUTTING STICK 1325X1,18%,39169090
DEEP KLEEN SHAMPOO-5,18%,38140020
Desmat Paper 4x6 270,18%,48115190
DESTRUCTIVE TAPE ROL,18%,39206193
DKM 175 50 SHEETS(DI,18%,39206290
D/S TAPE 36 MM,18%,48114100
DT 100 150 400L WP B,18%,48219010
DUCOL PLASTI DEEPRED,18%,3215114 
Ducol Plasti Ink Bla,18%,32151114
DUCOL PLASTI INK COL,18%,3215114 
DUCOL PLASTI INK ORA,18%,3215114 
DUCOL PLASTI WHITE ,18%,3215114 
DUCOL SUPER WHITE1KG,18%,3215114 
DUPONT PLATECLEANER,18%,38140020
DUPONT PLATE CLEANER,18%,38140020
ECNO WASH KR-20LTR P,18%,38140020
ECO PVC OTHER SHADES,18%,32151940
ELECTRON SIZZLER-W ,18%,3215114 
EMPTY FRAME12X14,18%,84439100
EMPTY FRAME 8X10,18%,84439100
EPSON001 BLACK INK B,18%,32151190
EPSON 003 BLACK INK,18%,32151990
EPSON003CYAN INK BOT,18%,32151990
EPSON 003 MAGENTA IN,18%,32151990
EPSON 003 YELLOW INK,18%,32151990
EPSON 005 BLACK INK,18%,32151990
EPSON008 BLACK INK B,18%,32151990
EPSON008CYAN INK BOT,18%,32151990
EPSON008 MAGENTA INK,18%,32151990
EPSON 012 GREY INK B,18%,32151990
EPSON 012 MAGENTA IN,18%,32151990
EPSON 057 BLACK(L805,18%,32151190
EPSON 057CYAN(8050/L,18%,32151190
EPSON 057 LIGHT CYAN,18%,32151990
EPSON 057 LIGHT MAGE,18%,32151990
EPSON 057MAGENTA,18%,32151190
EPSON 057 YELLOW,18%,32151990
EPSON CARTRIDGE FX21,18%,96121010
EPSON CATRIDGE PLQ20,18%,96121010
EPSON INK L800 SERIE,18%,32151190
EPSON L210 INK BOTTL,18%,32151990
EPSON L210 INK BOTTL,18%,32151990
EPSONL210INK BOTTLE-,18%,32151990
EPSON L210INK BOTTLE,18%,32151990
EPSON L800 BOTTLE-BL,18%,32151990
EPSON L800 INK BOTTL,18%,32151990
EPSON L800 INK BOTTL,18%,32151990
EPSON L800 INK BOTTL,18%,32151990
EPSON M200 INK BOTTL,18%,32151990
EPSON MAINTANANCE BO,18%,84439959
EURO COLOUR GLOSS 25,18%,48115190
EURO COLOUR GLOSS 25,18%,48115190
EURO COLOUR RC PAPER,18%,48115190
EZEE WASH 1LTR PACKI,18%,38140020
EZE WASH,18%,38249917
EZE WASH 5LTR PACK ,18%,38140020
FALCON CMB GUMMING S,18%,48114100
FALCON CMB GUMMING S,18%,48114100
FEVIBOND 30/-,18%,35061000
FEVICOL MR 100/-,18%,35061000
FEVICOL SR EZEESPRAY,18%,35061000
FLOUR POWDER 250 GR,18%,
FLOURSCNET STICKER 2,18%,48114100
FORMAJET A4 PHOTO PA,18%,48115190
Formujet Dtp Sublima,18%,32151990
FORMUJET F2365 TONER,18%,84439959
FORUMAJET LT746-KYOC,18%,37079090
Foxin Laminator A3 S,18%,84393010
FRAGILE TAPE,18%,39191000
Frontech Laser Tonne,18%,84439959
GBA1-1KG,18%,32064990
GLOSSY FUSING SHEET,18%,32151140
GOLD BINDER GB A1 1K,18%,7406200 
GREE BOPP TAPE BROWN,18%,39199090
GREE BOPP TAPE CLEAR,18%,39199090
GREE Flex 999 Glue ,18%,35061000
GREE FLEX TAPE,18%,39199090
HARISONTRIMMER"16" ,18%,84411010
HARISON TRIMMER "9",18%,84411010
HARISON TRIMMER 12",18%,84411010
HGI 2527 MAHARANI SP,18%,32151940
HP 678 TRI COLOUR CA,18%,84439951
HP CE278A LASER TONE,18%,84439959
HP DVDR 4.7GB 50 PAC,18%,85235100
HP INK GT52 CYAN CAT,18%,32151990
HP INK GT52 MAGENTA,18%,32151990
HP INK GT52 YELLOW C,18%,32151990
HP LASER 11A COMPATI,18%,
HP LASER 12A COMPATI,18%,
Hp Q2612A LASER TONE,18%,84439959
HP Q 4516A LASER TON,18%,84439959
Hp W1580X(158X) LASE,18%,370790  
ID CARD,18%,39264049
I D CARD(230PC),18%,39264049
Id Card 400,18%,39264049
Id Card Epson 230,18%,39264049
I D CARD TRAY,18%,39261019
IFOTO LABEL A4-ST-1,18%,48219010
IFOTO THERMAL LAMINA,18%,39219099
I FOTO THERMAL LAMIN,18%,39219099
INK AID PLASTISOL,18%,32151440
INK TACK IMPROVER 90,18%,32151990
INSURANCE CHARGES(18,18%,997136  
Jmd Lamination Machi,18%,84393090
K5515 POS ROLL KODAK,18%,48119099
KANGAROO HEAVY DUTY,18%,84721000
K/B DELL USB,18%,84716040
KHYATI RULER 100CM ,18%,90172010
KODAK 270GSM PROFF 5,18%,48115190
KODAK 4X6 270GSM 100,18%,48115190
KODAK8X12 270GSM 20S,18%,48115190
KODAK LABELA4-ST-10,18%,48219010
KODAK LABEL A4-ST-1W,18%,48219010
KOLVA SUBLIMATION IN,18%,32151990
KONICA MINOLTA TN-22,18%,84439959
KONICA MINOLTA TN-22,18%,84439959
KP5515-POS ROLL KODA,18%,48119099
KP7850-POS ROLL KODA,18%,48119099
L800-LIGHT CYAN,18%,32151990
L800 LIGHT MAGENTA ,18%,32151990
LAMINATION 250 MICRO,18%,
LANIYARDS WITH HOLD,18%,83080000
LANIYARDS WITH STICK,18%,83080000
LANYARDS BROWN TAGS,18%,83080000
LANYARDS TAGS,18%,83080000
LEAKAGE REPAIR WATER,18%,32082090
LMC5007-330MMX482MM-,18%,39206290
LMO 5405-330X482MM-1,18%,39206290
Lmo5505 330mmx482mm-,18%,39206290
LMO5507-330X482MM-17,18%,39206290
LMO 5804-330X482MM-1,18%,39206290
LMO6505-330X406-125,18%,39206290
Lmo6605 330mmx406mm-,18%,39206290
LPF UNSENSITIZED B10,18%,39219099
LSP DEVELOPER19-10LT,18%,37079010
Masking Tape 48mm"20,18%,48114100
MATT ROYAL BLUE1KG ,18%,32151140
MAX RIBBON 13X15 ND,18%,96121010
METAL SCALE 45 CM,18%,
METI JET XL 576X700X,18%,84425020
METIJET XL 576X720X0,18%,84425020
MICRO EXPRESS WASH ,18%,38140010
MINI FOUNT 1LTR PAKI,18%,38249917
MINI FOUNT(5 LTR PAC,18%,38249917
MINI MASTER HI TONE,18%,32151110
MIRROR COATED WHITE,18%,
MITSUBISHI 270GSM A4,18%,48115190
MITSUBISHI INKJET PA,18%,48115190
MITSUBISHI INKJET PA,18%,48115190
MOUSE DELL USB,18%,84716060
MP 56 L,18%,48211020
MP 65 L,18%,48211020
MP 84 L,18%,48211020
MPL 01 P,18%,48211020
MPL 01 WOD A3 297X42,18%,48211020
MPL 02 L,18%,18211020
MPL 04 P,18%,48211020
MPL 06 L,18%,48211020
MPL 06 P,18%,48211020
MPL 08 L,18%,48211020
MPL 08 LA,18%,48211020
MPL 110 L,18%,48211020
MPL 12 L,18%,48211020
MPL 15 L,18%,48211020
MPL 16 L,18%,48211020
MPL 18 L,18%,48211020
MPL 21 L,18%,48211020
MPL 24 L,18%,48211020
MPL 30 L,18%,48211020
MPL 30 P,18%,48211020
MPL 32 P,18%,48211020
MPL 40 L,18%,48211020
MPL 40 P,18%,48211020
MPL 48 L,18%,48211020
MPL A-3 297 x 420 MM,18%,48211020
MPL A4 210MM X 297 M,18%,48211020
MPL ASSORTED,18%,48211020
MPL PAPER A-4 CEDAR,18%,48211020
MR GOLD-300,18%,32061900
M TECH WASH NW 5LTR,18%,38249990
MUG PLAIN BOX,18%,48191010
ND BLANKET CUM ROLLE,18%,381440020  
ND DENSE PLUS 1 LTR,18%,84219900
ND FOUNT 5 LTR,18%,38249919
ND TOPAZ 297X380 DM,18%,39206290
ND TOPAZ 297 X 420 D,18%,39206290
ND-ULR 216 X368 MM ,18%,39206290
ND-ULR 305 X 457MM ,18%,39206290
ND=-UMR 100M-216X394,18%,39206290
ND-UMR 216 X 368,18%,39206290
ND-UMR 260 X 400MM ,18%,39206290
ND UMR 305X457MM 100,18%,39206290
ND-USR 216 X 368 MM,18%,39206290
ND-USR 260 X 400MM (,18%,39206290
NJ HGP WR 240GSM 127,18%,48115190
NJ INK JETNJ INK JET,18%,39206290
NJ LASER MATTE CLEAR,18%,39206290
NJ LASER MATTE TRANS,18%,39206290
NJ MPL 22L 100X24 WR,18%,48211020
NJ PH LUSTER 242 610,18%,48115190
NJ PHOTO GLOSS RC PA,18%,48115190
Non Terable (Ntr) A4,18%,39206290
NOVA  262 GSM 400 SH,18%,48101390
Nova Delete Ps100ml,18%,38249017
NOVA DELITE P-100ML,18%,38249024
NOVA DOM WASH 5 LTR,18%,38249017
NOVA GLASS CLEARGLOS,18%,39206290
NOVA JET 242 GSM 100,18%,48101390
NOVA JET 242 GSM 20,18%,48101390
NOVA JET 260 GSM 4X6,18%,48115190
NOVA JET 262 GSM 400,18%,48101390
NOVA JET IGO175,18%,39206290
NOVA JET PHOTO PAPER,18%,48101390
NOVA JET PHOTO PAPER,18%,48101390
NOVA KLEEN 1 LTR,18%,38140020
NOVA LASER LMO5504X4,18%,39206290
NOVA LASER MAT LM550,18%,39206290
NOVALIFE MATTE 5805,18%,39206290
NOVA ND FOUNT 1 LTR,18%,38140020
NOVA PHOTO PAPER270G,18%,48115190
Nova Tone P Powder 3,18%,37079010
NOVA WASH UNIVERSAL-,18%,38140020
NS-DIAMOND -100M A3,18%,39206290
Ns Topaz 100 Mic 297,18%,39206290
Ns Topaz 100mm-297x4,18%,39206290
NUMEXINK BLACK,18%,32151910
OCTAFINE RED OXIDE ,18%,32041739
ODDY100 MICRONS OHP,18%,48211020
ODDY 175 MICRONS OHP,18%,48211020
ODDY 75 MICRONS OHP(,18%,48211020
ODDY NUMBRING MACHIN,18%,96110000
OFSET SPANJ,18%,
OMEGA UTILITY TAPE D,18%,12081000
O/S PRNTG INK 500 GR,18%,32151910
O/S PRNTG INK NAVARA,18%,32151910
O/S PRNTG INK NAVARA,18%,32151910
O/S PRNTG INK NAVARA,18%,32151910
O/S PRNTG INK TWINKL,18%,32151190
Packing Tape Brown 1,18%,39199090
Packing Tape Brown 2,18%,39199090
PALLETE-102,18%,44151000
PALLETTE-101,18%,44151000
PALLETTE-103,18%,44151000
PET SHEET 19X25 COL,18%,39206290
PLASTIC POUCH,18%,
PLASTISOL INK ROYAL,18%,32151140
PLASTISOL NAVY BLUE,18%,32151140
PLASTISOL SCARLET RE,18%,32151140
PLATE 415X520MM,18%,
PLATE CLEANER GP ILT,18%,38140020
PLATE FLUTURA WINNER,18%,
POLYSTER 175 MIC,18%,85469090
POPULAR GLORIYA RED,18%,32151910
POSIJET HD 297X420MM,18%,39206290
PRESTRECHED FRAME PR,18%,84439100
PRE-STRECHED FRAMES-,18%,84439100
PRIME PLUS CYAN,18%,32151110
PS ALU PLATE 554X720,18%,84425020
P.S.PLATE 569X720,18%,84425020
PVC BLANK CARD BOX 2,18%,392090  
PVC CARD A4/FUSINGSH,18%,39219029
PVC GOLD GLASS STICK,18%,39202090
PVC GOLD INK 1KG,18%,32151140
PVC GOLD INK 200GRM,18%,32151140
PVC INK ASSORTED COL,18%,32151140
PVC INK ASSORTED COL,18%,32151140
PVC INK FOIL MAGENTA,18%,32151140
PVC INK JET ID CARD,18%,96121020
PVC INK SUPER WHITE,18%,32151140
PVC OPAQUE WHITE 200,18%,32151140
PVC PEACOCK BLUE,18%,32151940
PVC STICKER  20X30 ,18%,31911090
PVC TRANSPERANT WHIT,18%,
PVC WHITE STICKER 12,18%,
QUICK HEAL ANTIVIRUS,18%,85238020
RED POLYSTER D/S TAP,18%,39191000
Revivoral Deglazer 1,18%,38140020
Rubber Band 250grm ,18%,40169920
RX32 BROWN,18%,32151140
RX-32 CRIMSON RED 1K,18%,32151140
RX-32SERIES ASSORTED,18%,32151140
RX32VIOLET,18%,32151140
SANDISK PEN DRIVE 64,18%,85235100
SC G-01-4319-DRIER ,18%,29051220
SELF ADHESIVE PAPER1,18%,48114100
SELF ADHESIVE PAPER,18%,48114100
SELF ADHESIVE TAPES,18%,39199090
SOGGO FLASH SILVER -,18%,32082090
Soggo Flourescent Re,18%,32082090
SOGGO MATT WHIE 1007,18%,32082090
SOGGO SPRAY -ACTIVE,18%,32082090
SOGGOSPRAY-ANTY RUST,18%,32082090
SOGGO SPRAY-APPLE GR,18%,32082090
SOGGO SPRAY-BLACK-39,18%,32082090
SOGGO SPRAY -BLACK-4,18%,32082090
SOGGOSPRAY -BRIGHT C,18%,32082090
SOGGO SPRAY COPPER 4,18%,32082090
SOGGO SPRAY- CREAM W,18%,32082090
SOGGO SPRAY DARK BRO,18%,32082090
SOGGO SPRAY FLASH GO,18%,32082090
SOGGO SPRAY-FLO ORAN,18%,32082090
SOGGO SPRAY-FLO VIOL,18%,32082090
SOGGO SPRAY FL YELLO,18%,32082090
SOGGO SPRAY-FORD TRA,18%,32082090
SOGGO SPRAY FRESH GR,18%,32082090
SOGGO SPRAY-F-VIOLET,18%,32082090
SOGGO SPRAY GOLD-35-,18%,32082090
SOGGO SPRAY-GREEN-GO,18%,32082090
SOGGO SPRAY-HARIER G,18%,32082090
SOGGO SPRAY-LACQUER-,18%,32082090
SOGGO SPRAY MATT BLA,18%,32082090
SOGGO SPRAY-MEDIUM Y,18%,32082090
SOGGO SPRAY-ORANGE-6,18%,32082090
SOGGO SPRAY PAINT(FL,18%,32082090
SOGGO SPRAY PAINT(FL,18%,32082090
SOGGO SPRAY-PHIROZI,18%,32082090
SOGGO SPRAY-RAL-7035,18%,32082090
SOGGO SPRAY RIVER BL,18%,32082090
SOGGO SPRAY SILVER-3,18%,32082090
SOGGO SPRAY-SKY BLUE,18%,32082090
SOGGOSPRAY-SUZUKI RE,18%,32082090
SOGGO SPRAY-WHITE-40,18%,32082090
SOGGO SPRAY-WHITE-40,18%,32082090
SPIKE BUSTER 3MTR LA,18%,85369030
SPRAY PAINT(DEEP RED,18%,32082090
SPRAY PAINT (DEEP YE,18%,32082090
SPRAY PAINT (FLUROSC,18%,32082090
SPRAY PAINT (IVORY#2,18%,32082090
Spray Paint Sparkle,18%,32082090
SR 505 100ML,18%,35061000
SS GLOSS CRIMSON RED,18%,32151140
SSPVC EMRALD GREEN ,18%,32151140
SS PVC EMRALD GREEN,18%,32151140
SS PVC GOLDEN YELLOW,18%,32151140
SS PVC INK MEDIUM 50,18%,
SS PVC MAROO500GMS ,18%,32151140
SS PVC MAROON 200GRM,18%,32151140
SSPVC POSTOFFICE RED,18%,32151140
SS PVC SUPER WHITE 2,18%,32151140
SSPVC UNIVERSAL INKA,18%,32151190
SS PVC UNIVERSAL INK,18%,32151190
STICK ON SELF ADHESI,18%,48114100
STICKY FILE,18%,35061000
STICKY FILE THICK,18%,35061000
STRECH FILM 100MM,18%,39191000
STRECH FILM(500MM) ,18%,39219099
STRECH WREP(150MM) ,18%,39191000
SUCCER,18%,40169940
SUCCER CUP,18%,40169940
SUCCER FLAT,18%,40169940
SUCCER-NUM02,18%,84439100
SUCCER-NUM03,18%,84439100
SUCCER-NUM04,18%,84439100
SUMICA BRIGHT GOLD 4,18%,32061900
SUPER FOUNT LNS 202,18%,38249017
SUPERIAM MATTE FILM-,18%,39199090
SUPERIAM POLYSTER GL,18%,39199090
Super Lam Matte Film,18%,39199090
TALLY SOFTWARE SERVI,18%,998313  
TECHNOVA SLC (TRANSP,18%,39199010
TECHNOVA SLG(Opaque),18%,39199010
TEXCRON BROWN GR,18%,32041740
TEXTCORN RED VIOLET-,18%,32042090
TISSUE TAPE2,18%,
TONER CARTIDGE RHTC0,18%,84439959
TONER CARTRIDGE RHTC,18%,84439959
TONER OPC DURM RBOPC,18%,
TONER POWDER RHTCL00,18%,37079
TONNER CATRIDGE RHTC,18%,84439959
Total Care 100 Ml,18%,38249017
TOTAL CARE SFD 5 LTR,18%,38249017
TRACEING PAPER 90/95,18%,480630000  
TRACING PAPER A3,18%,48063000
TRACING PAPER A4 250,18%,4806300 
TRACING PAPER LEGAL,18%,48063000
TRANSPERANT STICKER,18%,48114100
Transperent Film 175,18%,39206220
TRICOL-PB,18%,39051210
TR INK AID 500ML,18%,32151190
TVS CARTRIDGE SP 40P,18%,96121010
U BALL PEN(149),18%,96081019
U BALLPEN(40),18%,96081019
Ultra Fount 20 Ltr ,18%,38249017
ULTRA FOUNT-5LT PKIN,18%,38249017
Ultra Fount 5 Ltr,18%,38249017
ULTRAPURE WASH 20LTR,18%,38140020
ULTRA WASH-5LTR PACK,18%,381440020  
U NEO 2XBP,18%,96081019
Unifin 5ltr,18%,38249090
UNI GUM LNG 101 5 LT,18%,
Universal Wash,18%,38140020
UNIVESAL WASH,18%,38140020
UNSENSITISER IND GLU,18%,
UPAPER GLIDE BP,18%,96081019
U REFILL,18%,96081019
USB WIFI ADAPTER FRO,18%,84716040
UTOPLEX TRACING PAPE,18%,48063000
UV FUSING SHEET,18%,844110  
VGA CABLE BLACK,18%,85444999
VINISHINE ASSORTED C,18%,32151140
VINISHINE INKS ASSOR,18%,32151140
WAX-100GRM,18%,27129040
WAX GREEN,18%,32042090
WAX ORANGE,18%,32042090
WAX PINK,18%,32042090
WAX RED,18%,32041790
WAX YELLOW,18%,32042090
WINNER XL576X720X.28,18%,844250  
Wooden Frames,18%,84439100
WOOD-W-THICK-SELF AD,18%,48114100
YELLOW POWDER,18%,32151100
YELLOW PVC LS 20X30,18%,39199090
140-0.030-1300MMNYLO,5%,54071095
140-0.030-1300MMNYLO,5%,54071095
GREY NYLON MESH 180,5%,540710  
NYLON CLOTH 120-10 M,5%,54071095
NYLON CLOTH 140-10MT,5%,54071095
NYLON FABRICS NO-80.,5%,54071025